Timestamp,Siddhi,Avg_Throughput,,,
1599420631000,AirQualityLevel(output),13063482,,,
1599420630000,AirQualityLevel(output),13087667,,,
1599420629000,AirQualityLevel(output),13111941,,,
1599420628000,AirQualityLevel(output),13136305,,,
1599420627000,AirQualityLevel(output),13160760,,,
1599420626000,AirQualityLevel(output),13185306,,,
1599420625000,AirQualityLevel(output),13209944,,,
1599420624000,AirQualityLevel(output),13234674,,,
1599420623000,AirQualityLevel(output),13259497,,,
1599420622000,AirQualityLevel(output),13284414,,,
1599420621000,AirQualityLevel(output),13309424,,,
1599420620000,AirQualityLevel(output),13334528,,,
1599420619000,AirQualityLevel(output),13359728,,,
1599420618000,AirQualityLevel(output),13385023,,,
1599420617000,AirQualityLevel(output),13410414,,,
1599420616000,AirQualityLevel(output),13435901,,,
1599420615000,AirQualityLevel(output),13461486,,,
1599420614000,AirQualityLevel(output),13487168,,,
1599420613000,AirQualityLevel(output),13512948,,,
1599420612000,AirQualityLevel(output),13538828,,,
1599420611000,AirQualityLevel(output),13564806,,,
1599420610000,AirQualityLevel(output),13590885,,,
1599420609000,AirQualityLevel(output),13617064,,,
1599420608000,AirQualityLevel(output),13643344,,,
1599420607000,AirQualityLevel(output),13669725,,,
1599420606000,AirQualityLevel(output),13696209,,,
1599420605000,AirQualityLevel(output),13722796,,,
1599420604000,AirQualityLevel(output),13749486,,,
1599420603000,AirQualityLevel(output),13776281,,,
1599420602000,AirQualityLevel(output),13803180,,,
1599420601000,AirQualityLevel(output),13830184,,,
1599420600000,AirQualityLevel(output),13857294,,,
1599420599000,AirQualityLevel(output),13884511,,,
1599420598000,AirQualityLevel(output),13911835,,,
1599420597000,AirQualityLevel(output),13939266,,,
1599420596000,AirQualityLevel(output),13966806,,,
1599420595000,AirQualityLevel(output),13994455,,,
1599420594000,AirQualityLevel(output),14022214,,,
1599420593000,AirQualityLevel(output),14050083,,,
1599420592000,AirQualityLevel(output),14078064,,,
1599420591000,AirQualityLevel(output),14106156,,,
1599420590000,AirQualityLevel(output),14134360,,,
1599420589000,AirQualityLevel(output),14162677,,,
1599420588000,AirQualityLevel(output),14191108,,,
1599420587000,AirQualityLevel(output),14219654,,,
1599420586000,AirQualityLevel(output),14248315,,,
1599420585000,AirQualityLevel(output),14277091,,,
1599420584000,AirQualityLevel(output),14305984,,,
1599420583000,AirQualityLevel(output),14334994,,,
1599420582000,AirQualityLevel(output),14364122,,,
1599420581000,AirQualityLevel(output),14393369,,,
1599420580000,AirQualityLevel(output),14422735,,,
1599420579000,AirQualityLevel(output),14452221,,,
1599420578000,AirQualityLevel(output),14481828,,,
1599420577000,AirQualityLevel(output),14511556,,,
1599420576000,AirQualityLevel(output),14541407,,,
1599420575000,AirQualityLevel(output),14571381,,,
1599420574000,AirQualityLevel(output),14601479,,,
1599420573000,AirQualityLevel(output),14631702,,,
1599420572000,AirQualityLevel(output),14662050,,,
1599420571000,AirQualityLevel(output),13710578,,,
1599420570000,AirQualityLevel(output),13739133,,,
1599420569000,AirQualityLevel(output),13767808,,,
1599420568000,AirQualityLevel(output),13796603,,,
1599420567000,AirQualityLevel(output),13825518,,,
1599420566000,AirQualityLevel(output),13854555,,,
1599420565000,AirQualityLevel(output),13883714,,,
1599420564000,AirQualityLevel(output),13912996,,,
1599420563000,AirQualityLevel(output),13942402,,,
1599420562000,AirQualityLevel(output),13971932,,,
1599420561000,AirQualityLevel(output),14001588,,,
1599420560000,AirQualityLevel(output),14031370,,,
1599420559000,AirQualityLevel(output),14061279,,,
1599420558000,AirQualityLevel(output),14091316,,,
1599420557000,AirQualityLevel(output),14121482,,,
1599420556000,AirQualityLevel(output),14151777,,,
1599420555000,AirQualityLevel(output),14182202,,,
1599420554000,AirQualityLevel(output),14212759,,,
1599420553000,AirQualityLevel(output),14243447,,,
1599420552000,AirQualityLevel(output),14274268,,,
1599420551000,AirQualityLevel(output),14305223,,,
1599420550000,AirQualityLevel(output),14336313,,,
1599420549000,AirQualityLevel(output),14367538,,,
1599420548000,AirQualityLevel(output),14398900,,,
1599420547000,AirQualityLevel(output),14430398,,,
1599420546000,AirQualityLevel(output),14462035,,,
1599420545000,AirQualityLevel(output),14493811,,,
1599420544000,AirQualityLevel(output),14525727,,,
1599420543000,AirQualityLevel(output),14557784,,,
1599420542000,AirQualityLevel(output),14589982,,,
1599420541000,AirQualityLevel(output),14622324,,,
1599420540000,AirQualityLevel(output),14654809,,,
1599420539000,AirQualityLevel(output),14687439,,,
1599420538000,AirQualityLevel(output),14720214,,,
1599420537000,AirQualityLevel(output),14753136,,,
1599420536000,AirQualityLevel(output),14786206,,,
1599420535000,AirQualityLevel(output),14819425,,,
1599420534000,AirQualityLevel(output),14852793,,,
1599420533000,AirQualityLevel(output),14886312,,,
1599420532000,AirQualityLevel(output),14919982,,,
1599420531000,AirQualityLevel(output),14953805,,,
1599420530000,AirQualityLevel(output),14987782,,,
1599420529000,AirQualityLevel(output),15021913,,,
1599420528000,AirQualityLevel(output),15056201,,,
1599420527000,AirQualityLevel(output),15090645,,,
1599420526000,AirQualityLevel(output),15125248,,,
1599420525000,AirQualityLevel(output),15160009,,,
1599420524000,AirQualityLevel(output),15194931,,,
1599420523000,AirQualityLevel(output),15230014,,,
1599420522000,AirQualityLevel(output),15265259,,,
1599420521000,AirQualityLevel(output),15300668,,,
1599420520000,AirQualityLevel(output),15336242,,,
1599420519000,AirQualityLevel(output),15371981,,,
1599420518000,AirQualityLevel(output),15407888,,,
1599420517000,AirQualityLevel(output),15443963,,,
1599420516000,AirQualityLevel(output),15480207,,,
1599420515000,AirQualityLevel(output),15516621,,,
1599420514000,AirQualityLevel(output),15553208,,,
1599420513000,AirQualityLevel(output),15589967,,,
1599420512000,AirQualityLevel(output),15626900,,,
1599420511000,AirQualityLevel(output),14572470,,,
1599420510000,AirQualityLevel(output),14607157,,,
1599420509000,AirQualityLevel(output),14642010,,,
1599420508000,AirQualityLevel(output),14677029,,,
1599420507000,AirQualityLevel(output),14712216,,,
1599420506000,AirQualityLevel(output),14747572,,,
1599420505000,AirQualityLevel(output),14783099,,,
1599420504000,AirQualityLevel(output),14818797,,,
1599420503000,AirQualityLevel(output),14854668,,,
1599420502000,AirQualityLevel(output),14890714,,,
1599420501000,AirQualityLevel(output),14926934,,,
1599420500000,AirQualityLevel(output),14963332,,,
1599420499000,AirQualityLevel(output),14999907,,,
1599420498000,AirQualityLevel(output),15036662,,,
1599420497000,AirQualityLevel(output),15073597,,,
1599420496000,AirQualityLevel(output),15110714,,,
1599420495000,AirQualityLevel(output),15148015,,,
1599420494000,AirQualityLevel(output),15185500,,,
1599420493000,AirQualityLevel(output),15223171,,,
1599420492000,AirQualityLevel(output),15261030,,,
1599420491000,AirQualityLevel(output),15299077,,,
1599420490000,AirQualityLevel(output),15337315,,,
1599420489000,AirQualityLevel(output),15375744,,,
1599420488000,AirQualityLevel(output),15414367,,,
1599420487000,AirQualityLevel(output),15453184,,,
1599420486000,AirQualityLevel(output),15492197,,,
1599420485000,AirQualityLevel(output),15531408,,,
1599420484000,AirQualityLevel(output),15570817,,,
1599420483000,AirQualityLevel(output),15610427,,,
1599420482000,AirQualityLevel(output),15650240,,,
1599420481000,AirQualityLevel(output),15690256,,,
1599420480000,AirQualityLevel(output),15730477,,,
1599420479000,AirQualityLevel(output),15770905,,,
1599420478000,AirQualityLevel(output),15811541,,,
1599420477000,AirQualityLevel(output),15852388,,,
1599420476000,AirQualityLevel(output),15893446,,,
1599420475000,AirQualityLevel(output),15934717,,,
1599420474000,AirQualityLevel(output),15976203,,,
1599420473000,AirQualityLevel(output),16017906,,,
1599420472000,AirQualityLevel(output),16059827,,,
1599420471000,AirQualityLevel(output),16101969,,,
1599420470000,AirQualityLevel(output),16144332,,,
1599420469000,AirQualityLevel(output),16186918,,,
1599420468000,AirQualityLevel(output),16229730,,,
1599420467000,AirQualityLevel(output),16272769,,,
1599420466000,AirQualityLevel(output),16316037,,,
1599420465000,AirQualityLevel(output),16359536,,,
1599420464000,AirQualityLevel(output),16403267,,,
1599420463000,AirQualityLevel(output),16447233,,,
1599420462000,AirQualityLevel(output),16491435,,,
1599420461000,AirQualityLevel(output),16535876,,,
1599420460000,AirQualityLevel(output),16580557,,,
1599420459000,AirQualityLevel(output),16625480,,,
1599420458000,AirQualityLevel(output),16670647,,,
1599420457000,AirQualityLevel(output),16716060,,,
1599420456000,AirQualityLevel(output),16761721,,,
1599420455000,AirQualityLevel(output),16807633,,,
1599420454000,AirQualityLevel(output),16853797,,,
1599420453000,AirQualityLevel(output),16900215,,,
1599420452000,AirQualityLevel(output),16946890,,,
1599420332000,AirQualityLevel(output),18997116,,,
1599420272000,AirQualityLevel(output),18105659,,,
1599420212000,AirQualityLevel(output),14232557,,,
1599420211000,AirQualityLevel(output),9834628,,,
1599420210000,AirQualityLevel(output),9916550,,,
1599420209000,AirQualityLevel(output),9999849,,,
1599420208000,AirQualityLevel(output),10084559,,,
1599420207000,AirQualityLevel(output),10170718,,,
1599420206000,AirQualityLevel(output),10258362,,,
1599420205000,AirQualityLevel(output),10347530,,,
1599420204000,AirQualityLevel(output),10438263,,,
1599420203000,AirQualityLevel(output),10530602,,,
1599420202000,AirQualityLevel(output),10624589,,,
1599420201000,AirQualityLevel(output),10720270,,,
1599420200000,AirQualityLevel(output),10817691,,,
1599420199000,AirQualityLevel(output),10916899,,,
1599420198000,AirQualityLevel(output),11017944,,,
1599420197000,AirQualityLevel(output),11120879,,,
1599420196000,AirQualityLevel(output),11225755,,,
1599420195000,AirQualityLevel(output),11332629,,,
1599420194000,AirQualityLevel(output),11441558,,,
1599420193000,AirQualityLevel(output),11552602,,,
1599420192000,AirQualityLevel(output),11665824,,,
1599420191000,AirQualityLevel(output),11781287,,,
1599420190000,AirQualityLevel(output),11899060,,,
1599420189000,AirQualityLevel(output),12019212,,,
1599420188000,AirQualityLevel(output),12141816,,,
1599420187000,AirQualityLevel(output),12266948,,,
1599420186000,AirQualityLevel(output),12394688,,,
1599420185000,AirQualityLevel(output),12525116,,,
1599420184000,AirQualityLevel(output),12658319,,,
1599420183000,AirQualityLevel(output),12794387,,,
1599420182000,AirQualityLevel(output),12933413,,,
1599420181000,AirQualityLevel(output),13075495,,,
1599420180000,AirQualityLevel(output),13220733,,,
1599420179000,AirQualityLevel(output),13369236,,,
1599420178000,AirQualityLevel(output),13521114,,,
1599420177000,AirQualityLevel(output),13676483,,,
1599420176000,AirQualityLevel(output),13835465,,,
1599420175000,AirQualityLevel(output),13998188,,,
1599420174000,AirQualityLevel(output),14164786,,,
1599420173000,AirQualityLevel(output),14335398,,,
1599420172000,AirQualityLevel(output),14510171,,,
1599420171000,AirQualityLevel(output),14689259,,,
1599420170000,AirQualityLevel(output),14872825,,,
1599420169000,AirQualityLevel(output),15061038,,,
1599420168000,AirQualityLevel(output),15254077,,,
1599420167000,AirQualityLevel(output),15452130,,,
1599420166000,AirQualityLevel(output),15655395,,,
1599420165000,AirQualityLevel(output),15864080,,,
1599420164000,AirQualityLevel(output),16078405,,,
1599420163000,AirQualityLevel(output),16298603,,,
1599420162000,AirQualityLevel(output),16524917,,,
1599420161000,AirQualityLevel(output),16757606,,,
1599420160000,AirQualityLevel(output),16996943,,,
1599420159000,AirQualityLevel(output),17243217,,,
1599420158000,AirQualityLevel(output),17496735,,,
1599420157000,AirQualityLevel(output),17757821,,,
1599420156000,AirQualityLevel(output),18026818,,,
1599420155000,AirQualityLevel(output),18304092,,,
1599420154000,AirQualityLevel(output),18590031,,,
1599420153000,AirQualityLevel(output),18885048,,,
1599420152000,AirQualityLevel(output),8852194,,,
1599420631000,NO2_Avg(output),3309198,,,
1599420630000,NO2_Avg(output),3315326,,,
1599420629000,NO2_Avg(output),3321477,,,
1599420628000,NO2_Avg(output),3327651,,,
1599420627000,NO2_Avg(output),3333847,,,
1599420626000,NO2_Avg(output),3340067,,,
1599420625000,NO2_Avg(output),3346310,,,
1599420624000,NO2_Avg(output),3352577,,,
1599420623000,NO2_Avg(output),3358867,,,
1599420622000,NO2_Avg(output),3365180,,,
1599420621000,NO2_Avg(output),3371518,,,
1599420620000,NO2_Avg(output),3377879,,,
1599420619000,NO2_Avg(output),3384265,,,
1599420618000,NO2_Avg(output),3390674,,,
1599420617000,NO2_Avg(output),3397108,,,
1599420616000,NO2_Avg(output),3403567,,,
1599420615000,NO2_Avg(output),3410050,,,
1599420614000,NO2_Avg(output),3416557,,,
1599420613000,NO2_Avg(output),3423090,,,
1599420612000,NO2_Avg(output),3429648,,,
1599420611000,NO2_Avg(output),3436230,,,
1599420610000,NO2_Avg(output),3442838,,,
1599420609000,NO2_Avg(output),3449472,,,
1599420608000,NO2_Avg(output),3456131,,,
1599420607000,NO2_Avg(output),3462816,,,
1599420606000,NO2_Avg(output),3469527,,,
1599420605000,NO2_Avg(output),3476264,,,
1599420604000,NO2_Avg(output),3483027,,,
1599420603000,NO2_Avg(output),3489817,,,
1599420602000,NO2_Avg(output),3496633,,,
1599420601000,NO2_Avg(output),3503476,,,
1599420600000,NO2_Avg(output),3510345,,,
1599420599000,NO2_Avg(output),3517242,,,
1599420598000,NO2_Avg(output),3524165,,,
1599420597000,NO2_Avg(output),3531116,,,
1599420596000,NO2_Avg(output),3538095,,,
1599420595000,NO2_Avg(output),3545101,,,
1599420594000,NO2_Avg(output),3552135,,,
1599420593000,NO2_Avg(output),3559197,,,
1599420592000,NO2_Avg(output),3566287,,,
1599420591000,NO2_Avg(output),3573405,,,
1599420590000,NO2_Avg(output),3580552,,,
1599420589000,NO2_Avg(output),3587727,,,
1599420588000,NO2_Avg(output),3594932,,,
1599420587000,NO2_Avg(output),3602165,,,
1599420586000,NO2_Avg(output),3609427,,,
1599420585000,NO2_Avg(output),3616719,,,
1599420584000,NO2_Avg(output),3624040,,,
1599420583000,NO2_Avg(output),3631391,,,
1599420582000,NO2_Avg(output),3638772,,,
1599420581000,NO2_Avg(output),3646183,,,
1599420580000,NO2_Avg(output),3653624,,,
1599420579000,NO2_Avg(output),3661096,,,
1599420578000,NO2_Avg(output),3668598,,,
1599420577000,NO2_Avg(output),3676131,,,
1599420576000,NO2_Avg(output),3683695,,,
1599420575000,NO2_Avg(output),3691291,,,
1599420574000,NO2_Avg(output),3698917,,,
1599420573000,NO2_Avg(output),3706576,,,
1599420572000,NO2_Avg(output),3714266,,,
1599420571000,NO2_Avg(output),3640773,,,
1599420570000,NO2_Avg(output),3648358,,,
1599420569000,NO2_Avg(output),3655975,,,
1599420568000,NO2_Avg(output),3663623,,,
1599420567000,NO2_Avg(output),3671304,,,
1599420566000,NO2_Avg(output),3679017,,,
1599420565000,NO2_Avg(output),3686762,,,
1599420564000,NO2_Avg(output),3694540,,,
1599420563000,NO2_Avg(output),3702351,,,
1599420562000,NO2_Avg(output),3710195,,,
1599420561000,NO2_Avg(output),3718072,,,
1599420560000,NO2_Avg(output),3725983,,,
1599420559000,NO2_Avg(output),3733928,,,
1599420558000,NO2_Avg(output),3741906,,,
1599420557000,NO2_Avg(output),3749919,,,
1599420556000,NO2_Avg(output),3757966,,,
1599420555000,NO2_Avg(output),3766047,,,
1599420554000,NO2_Avg(output),3774164,,,
1599420553000,NO2_Avg(output),3782315,,,
1599420552000,NO2_Avg(output),3790502,,,
1599420551000,NO2_Avg(output),3798725,,,
1599420550000,NO2_Avg(output),3806983,,,
1599420549000,NO2_Avg(output),3815277,,,
1599420548000,NO2_Avg(output),3823607,,,
1599420547000,NO2_Avg(output),3831974,,,
1599420546000,NO2_Avg(output),3840377,,,
1599420545000,NO2_Avg(output),3848818,,,
1599420544000,NO2_Avg(output),3857295,,,
1599420543000,NO2_Avg(output),3865810,,,
1599420542000,NO2_Avg(output),3874363,,,
1599420541000,NO2_Avg(output),3882953,,,
1599420540000,NO2_Avg(output),3891582,,,
1599420539000,NO2_Avg(output),3900249,,,
1599420538000,NO2_Avg(output),3908955,,,
1599420537000,NO2_Avg(output),3917700,,,
1599420536000,NO2_Avg(output),3926484,,,
1599420535000,NO2_Avg(output),3935308,,,
1599420534000,NO2_Avg(output),3944171,,,
1599420533000,NO2_Avg(output),3953074,,,
1599420532000,NO2_Avg(output),3962018,,,
1599420531000,NO2_Avg(output),3971002,,,
1599420530000,NO2_Avg(output),3980027,,,
1599420529000,NO2_Avg(output),3989093,,,
1599420528000,NO2_Avg(output),3998201,,,
1599420527000,NO2_Avg(output),4007350,,,
1599420526000,NO2_Avg(output),4016541,,,
1599420525000,NO2_Avg(output),4025775,,,
1599420524000,NO2_Avg(output),4035051,,,
1599420523000,NO2_Avg(output),4044370,,,
1599420522000,NO2_Avg(output),4053731,,,
1599420521000,NO2_Avg(output),4063137,,,
1599420520000,NO2_Avg(output),4072586,,,
1599420519000,NO2_Avg(output),4082079,,,
1599420518000,NO2_Avg(output),4091617,,,
1599420517000,NO2_Avg(output),4101199,,,
1599420516000,NO2_Avg(output),4110826,,,
1599420515000,NO2_Avg(output),4120499,,,
1599420514000,NO2_Avg(output),4130217,,,
1599420513000,NO2_Avg(output),4139981,,,
1599420512000,NO2_Avg(output),4149791,,,
1599420511000,NO2_Avg(output),3880147,,,
1599420510000,NO2_Avg(output),3889386,,,
1599420509000,NO2_Avg(output),3898668,,,
1599420508000,NO2_Avg(output),3907995,,,
1599420507000,NO2_Avg(output),3917367,,,
1599420506000,NO2_Avg(output),3926784,,,
1599420505000,NO2_Avg(output),3936246,,,
1599420504000,NO2_Avg(output),3945754,,,
1599420503000,NO2_Avg(output),3955308,,,
1599420502000,NO2_Avg(output),3964908,,,
1599420501000,NO2_Avg(output),3974555,,,
1599420500000,NO2_Avg(output),3984249,,,
1599420499000,NO2_Avg(output),3993990,,,
1599420498000,NO2_Avg(output),4003779,,,
1599420497000,NO2_Avg(output),4013617,,,
1599420496000,NO2_Avg(output),4023502,,,
1599420495000,NO2_Avg(output),4033437,,,
1599420494000,NO2_Avg(output),4043421,,,
1599420493000,NO2_Avg(output),4053454,,,
1599420492000,NO2_Avg(output),4063537,,,
1599420491000,NO2_Avg(output),4073671,,,
1599420490000,NO2_Avg(output),4083855,,,
1599420489000,NO2_Avg(output),4094090,,,
1599420488000,NO2_Avg(output),4104377,,,
1599420487000,NO2_Avg(output),4114715,,,
1599420486000,NO2_Avg(output),4125106,,,
1599420485000,NO2_Avg(output),4135549,,,
1599420484000,NO2_Avg(output),4146046,,,
1599420483000,NO2_Avg(output),4156595,,,
1599420482000,NO2_Avg(output),4167199,,,
1599420481000,NO2_Avg(output),4177857,,,
1599420480000,NO2_Avg(output),4188569,,,
1599420479000,NO2_Avg(output),4199337,,,
1599420478000,NO2_Avg(output),4210160,,,
1599420477000,NO2_Avg(output),4221039,,,
1599420476000,NO2_Avg(output),4231974,,,
1599420475000,NO2_Avg(output),4242966,,,
1599420474000,NO2_Avg(output),4254016,,,
1599420473000,NO2_Avg(output),4265123,,,
1599420472000,NO2_Avg(output),4276288,,,
1599420471000,NO2_Avg(output),4287512,,,
1599420470000,NO2_Avg(output),4298795,,,
1599420469000,NO2_Avg(output),4310137,,,
1599420468000,NO2_Avg(output),4321540,,,
1599420467000,NO2_Avg(output),4333003,,,
1599420466000,NO2_Avg(output),4344527,,,
1599420465000,NO2_Avg(output),4356112,,,
1599420464000,NO2_Avg(output),4367759,,,
1599420463000,NO2_Avg(output),4379469,,,
1599420462000,NO2_Avg(output),4391242,,,
1599420461000,NO2_Avg(output),4403078,,,
1599420460000,NO2_Avg(output),4414978,,,
1599420459000,NO2_Avg(output),4426943,,,
1599420458000,NO2_Avg(output),4438973,,,
1599420457000,NO2_Avg(output),4451068,,,
1599420456000,NO2_Avg(output),4463230,,,
1599420455000,NO2_Avg(output),4475458,,,
1599420454000,NO2_Avg(output),4487753,,,
1599420453000,NO2_Avg(output),4500116,,,
1599420452000,NO2_Avg(output),4512547,,,
1599420332000,NO2_Avg(output),5526083,,,
1599420272000,NO2_Avg(output),6022341,,,
1599420212000,NO2_Avg(output),4981066,,,
1599420211000,NO2_Avg(output),5015322,,,
1599420210000,NO2_Avg(output),5057117,,,
1599420209000,NO2_Avg(output),5099613,,,
1599420208000,NO2_Avg(output),5142831,,,
1599420207000,NO2_Avg(output),5186786,,,
1599420206000,NO2_Avg(output),5231500,,,
1599420205000,NO2_Avg(output),5276991,,,
1599420204000,NO2_Avg(output),5323281,,,
1599420203000,NO2_Avg(output),5370389,,,
1599420202000,NO2_Avg(output),5418339,,,
1599420201000,NO2_Avg(output),5467153,,,
1599420200000,NO2_Avg(output),5516855,,,
1599420199000,NO2_Avg(output),5567468,,,
1599420198000,NO2_Avg(output),5619019,,,
1599420197000,NO2_Avg(output),5671533,,,
1599420196000,NO2_Avg(output),5725038,,,
1599420195000,NO2_Avg(output),5779562,,,
1599420194000,NO2_Avg(output),5835135,,,
1599420193000,NO2_Avg(output),5891786,,,
1599420192000,NO2_Avg(output),5949549,,,
1599420191000,NO2_Avg(output),6008455,,,
1599420190000,NO2_Avg(output),6068540,,,
1599420189000,NO2_Avg(output),6129838,,,
1599420188000,NO2_Avg(output),6192388,,,
1599420187000,NO2_Avg(output),6256227,,,
1599420186000,NO2_Avg(output),6321396,,,
1599420185000,NO2_Avg(output),6387937,,,
1599420184000,NO2_Avg(output),6455894,,,
1599420183000,NO2_Avg(output),6525312,,,
1599420182000,NO2_Avg(output),6596239,,,
1599420181000,NO2_Avg(output),6668725,,,
1599420180000,NO2_Avg(output),6742822,,,
1599420179000,NO2_Avg(output),6818584,,,
1599420178000,NO2_Avg(output),6896068,,,
1599420177000,NO2_Avg(output),6975333,,,
1599420176000,NO2_Avg(output),7056442,,,
1599420175000,NO2_Avg(output),7139459,,,
1599420174000,NO2_Avg(output),7224452,,,
1599420173000,NO2_Avg(output),7311494,,,
1599420172000,NO2_Avg(output),7400659,,,
1599420171000,NO2_Avg(output),7492025,,,
1599420170000,NO2_Avg(output),7584300,,,
1599420169000,NO2_Avg(output),7680304,,,
1599420168000,NO2_Avg(output),7778769,,,
1599420167000,NO2_Avg(output),7879792,,,
1599420166000,NO2_Avg(output),7983474,,,
1599420165000,NO2_Avg(output),8089920,,,
1599420164000,NO2_Avg(output),8199243,,,
1599420163000,NO2_Avg(output),8311562,,,
1599420162000,NO2_Avg(output),8427000,,,
1599420161000,NO2_Avg(output),8545690,,,
1599420160000,NO2_Avg(output),8667771,,,
1599420159000,NO2_Avg(output),8793391,,,
1599420158000,NO2_Avg(output),8922706,,,
1599420157000,NO2_Avg(output),9055881,,,
1599420156000,NO2_Avg(output),9193091,,,
1599420155000,NO2_Avg(output),9334523,,,
1599420154000,NO2_Avg(output),9480375,,,
1599420153000,NO2_Avg(output),9630857,,,
1599420152000,NO2_Avg(output),4839806,,,
1599420631000,NO2_Good(output),96,,,
1599420630000,NO2_Good(output),96,,,
1599420629000,NO2_Good(output),96,,,
1599420628000,NO2_Good(output),97,,,
1599420627000,NO2_Good(output),97,,,
1599420626000,NO2_Good(output),97,,,
1599420625000,NO2_Good(output),97,,,
1599420624000,NO2_Good(output),97,,,
1599420623000,NO2_Good(output),98,,,
1599420622000,NO2_Good(output),98,,,
1599420621000,NO2_Good(output),98,,,
1599420620000,NO2_Good(output),98,,,
1599420619000,NO2_Good(output),98,,,
1599420618000,NO2_Good(output),98,,,
1599420617000,NO2_Good(output),99,,,
1599420616000,NO2_Good(output),99,,,
1599420615000,NO2_Good(output),99,,,
1599420614000,NO2_Good(output),99,,,
1599420613000,NO2_Good(output),99,,,
1599420612000,NO2_Good(output),100,,,
1599420611000,NO2_Good(output),100,,,
1599420610000,NO2_Good(output),100,,,
1599420609000,NO2_Good(output),100,,,
1599420608000,NO2_Good(output),100,,,
1599420607000,NO2_Good(output),101,,,
1599420606000,NO2_Good(output),101,,,
1599420605000,NO2_Good(output),101,,,
1599420604000,NO2_Good(output),101,,,
1599420603000,NO2_Good(output),101,,,
1599420602000,NO2_Good(output),102,,,
1599420601000,NO2_Good(output),102,,,
1599420600000,NO2_Good(output),102,,,
1599420599000,NO2_Good(output),102,,,
1599420598000,NO2_Good(output),102,,,
1599420597000,NO2_Good(output),103,,,
1599420596000,NO2_Good(output),103,,,
1599420595000,NO2_Good(output),103,,,
1599420594000,NO2_Good(output),103,,,
1599420593000,NO2_Good(output),103,,,
1599420592000,NO2_Good(output),104,,,
1599420591000,NO2_Good(output),104,,,
1599420590000,NO2_Good(output),104,,,
1599420589000,NO2_Good(output),104,,,
1599420588000,NO2_Good(output),104,,,
1599420587000,NO2_Good(output),105,,,
1599420586000,NO2_Good(output),105,,,
1599420585000,NO2_Good(output),105,,,
1599420584000,NO2_Good(output),105,,,
1599420583000,NO2_Good(output),105,,,
1599420582000,NO2_Good(output),106,,,
1599420581000,NO2_Good(output),106,,,
1599420580000,NO2_Good(output),106,,,
1599420579000,NO2_Good(output),106,,,
1599420578000,NO2_Good(output),107,,,
1599420577000,NO2_Good(output),107,,,
1599420576000,NO2_Good(output),107,,,
1599420575000,NO2_Good(output),107,,,
1599420574000,NO2_Good(output),107,,,
1599420573000,NO2_Good(output),108,,,
1599420572000,NO2_Good(output),108,,,
1599420571000,NO2_Good(output),108,,,
1599420570000,NO2_Good(output),108,,,
1599420569000,NO2_Good(output),109,,,
1599420568000,NO2_Good(output),109,,,
1599420567000,NO2_Good(output),109,,,
1599420566000,NO2_Good(output),109,,,
1599420565000,NO2_Good(output),109,,,
1599420564000,NO2_Good(output),110,,,
1599420563000,NO2_Good(output),110,,,
1599420562000,NO2_Good(output),110,,,
1599420561000,NO2_Good(output),110,,,
1599420560000,NO2_Good(output),111,,,
1599420559000,NO2_Good(output),111,,,
1599420558000,NO2_Good(output),111,,,
1599420557000,NO2_Good(output),111,,,
1599420556000,NO2_Good(output),112,,,
1599420555000,NO2_Good(output),112,,,
1599420554000,NO2_Good(output),112,,,
1599420553000,NO2_Good(output),112,,,
1599420552000,NO2_Good(output),113,,,
1599420551000,NO2_Good(output),113,,,
1599420550000,NO2_Good(output),113,,,
1599420549000,NO2_Good(output),113,,,
1599420548000,NO2_Good(output),114,,,
1599420547000,NO2_Good(output),114,,,
1599420546000,NO2_Good(output),114,,,
1599420545000,NO2_Good(output),114,,,
1599420544000,NO2_Good(output),115,,,
1599420543000,NO2_Good(output),115,,,
1599420542000,NO2_Good(output),115,,,
1599420541000,NO2_Good(output),115,,,
1599420540000,NO2_Good(output),116,,,
1599420539000,NO2_Good(output),116,,,
1599420538000,NO2_Good(output),116,,,
1599420537000,NO2_Good(output),116,,,
1599420536000,NO2_Good(output),117,,,
1599420535000,NO2_Good(output),117,,,
1599420534000,NO2_Good(output),117,,,
1599420533000,NO2_Good(output),117,,,
1599420532000,NO2_Good(output),118,,,
1599420531000,NO2_Good(output),118,,,
1599420530000,NO2_Good(output),118,,,
1599420529000,NO2_Good(output),118,,,
1599420528000,NO2_Good(output),119,,,
1599420527000,NO2_Good(output),119,,,
1599420526000,NO2_Good(output),119,,,
1599420525000,NO2_Good(output),120,,,
1599420524000,NO2_Good(output),120,,,
1599420523000,NO2_Good(output),120,,,
1599420522000,NO2_Good(output),120,,,
1599420521000,NO2_Good(output),121,,,
1599420520000,NO2_Good(output),121,,,
1599420519000,NO2_Good(output),121,,,
1599420518000,NO2_Good(output),121,,,
1599420517000,NO2_Good(output),122,,,
1599420516000,NO2_Good(output),122,,,
1599420515000,NO2_Good(output),122,,,
1599420514000,NO2_Good(output),123,,,
1599420513000,NO2_Good(output),123,,,
1599420512000,NO2_Good(output),123,,,
1599420511000,NO2_Good(output),124,,,
1599420510000,NO2_Good(output),124,,,
1599420509000,NO2_Good(output),124,,,
1599420508000,NO2_Good(output),124,,,
1599420507000,NO2_Good(output),125,,,
1599420506000,NO2_Good(output),125,,,
1599420505000,NO2_Good(output),125,,,
1599420504000,NO2_Good(output),126,,,
1599420503000,NO2_Good(output),126,,,
1599420502000,NO2_Good(output),126,,,
1599420501000,NO2_Good(output),127,,,
1599420500000,NO2_Good(output),127,,,
1599420499000,NO2_Good(output),127,,,
1599420498000,NO2_Good(output),127,,,
1599420497000,NO2_Good(output),128,,,
1599420496000,NO2_Good(output),128,,,
1599420495000,NO2_Good(output),128,,,
1599420494000,NO2_Good(output),129,,,
1599420493000,NO2_Good(output),129,,,
1599420492000,NO2_Good(output),129,,,
1599420491000,NO2_Good(output),130,,,
1599420490000,NO2_Good(output),130,,,
1599420489000,NO2_Good(output),130,,,
1599420488000,NO2_Good(output),131,,,
1599420487000,NO2_Good(output),131,,,
1599420486000,NO2_Good(output),131,,,
1599420485000,NO2_Good(output),132,,,
1599420484000,NO2_Good(output),132,,,
1599420483000,NO2_Good(output),132,,,
1599420482000,NO2_Good(output),133,,,
1599420481000,NO2_Good(output),133,,,
1599420480000,NO2_Good(output),133,,,
1599420479000,NO2_Good(output),134,,,
1599420478000,NO2_Good(output),134,,,
1599420477000,NO2_Good(output),134,,,
1599420476000,NO2_Good(output),135,,,
1599420475000,NO2_Good(output),135,,,
1599420474000,NO2_Good(output),135,,,
1599420473000,NO2_Good(output),136,,,
1599420472000,NO2_Good(output),136,,,
1599420471000,NO2_Good(output),136,,,
1599420470000,NO2_Good(output),137,,,
1599420469000,NO2_Good(output),137,,,
1599420468000,NO2_Good(output),138,,,
1599420467000,NO2_Good(output),138,,,
1599420466000,NO2_Good(output),138,,,
1599420465000,NO2_Good(output),139,,,
1599420464000,NO2_Good(output),139,,,
1599420463000,NO2_Good(output),139,,,
1599420462000,NO2_Good(output),140,,,
1599420461000,NO2_Good(output),140,,,
1599420460000,NO2_Good(output),141,,,
1599420459000,NO2_Good(output),141,,,
1599420458000,NO2_Good(output),141,,,
1599420457000,NO2_Good(output),142,,,
1599420456000,NO2_Good(output),142,,,
1599420455000,NO2_Good(output),142,,,
1599420454000,NO2_Good(output),143,,,
1599420453000,NO2_Good(output),143,,,
1599420452000,NO2_Good(output),144,,,
1599420332000,NO2_Good(output),215,,,
1599420272000,NO2_Good(output),286,,,
1599420212000,NO2_Good(output),426,,,
1599420211000,NO2_Good(output),430,,,
1599420210000,NO2_Good(output),433,,,
1599420209000,NO2_Good(output),437,,,
1599420208000,NO2_Good(output),441,,,
1599420207000,NO2_Good(output),444,,,
1599420206000,NO2_Good(output),448,,,
1599420205000,NO2_Good(output),452,,,
1599420204000,NO2_Good(output),456,,,
1599420203000,NO2_Good(output),460,,,
1599420202000,NO2_Good(output),464,,,
1599420201000,NO2_Good(output),468,,,
1599420200000,NO2_Good(output),473,,,
1599420199000,NO2_Good(output),477,,,
1599420198000,NO2_Good(output),481,,,
1599420197000,NO2_Good(output),486,,,
1599420196000,NO2_Good(output),491,,,
1599420195000,NO2_Good(output),495,,,
1599420194000,NO2_Good(output),500,,,
1599420193000,NO2_Good(output),505,,,
1599420192000,NO2_Good(output),510,,,
1599420191000,NO2_Good(output),515,,,
1599420190000,NO2_Good(output),520,,,
1599420189000,NO2_Good(output),525,,,
1599420188000,NO2_Good(output),531,,,
1599420187000,NO2_Good(output),536,,,
1599420186000,NO2_Good(output),542,,,
1599420185000,NO2_Good(output),547,,,
1599420184000,NO2_Good(output),553,,,
1599420183000,NO2_Good(output),559,,,
1599420182000,NO2_Good(output),565,,,
1599420181000,NO2_Good(output),571,,,
1599420180000,NO2_Good(output),578,,,
1599420179000,NO2_Good(output),584,,,
1599420178000,NO2_Good(output),591,,,
1599420177000,NO2_Good(output),598,,,
1599420176000,NO2_Good(output),605,,,
1599420175000,NO2_Good(output),612,,,
1599420174000,NO2_Good(output),619,,,
1599420173000,NO2_Good(output),627,,,
1599420172000,NO2_Good(output),634,,,
1599420171000,NO2_Good(output),642,,,
1599420170000,NO2_Good(output),650,,,
1599420169000,NO2_Good(output),658,,,
1599420168000,NO2_Good(output),667,,,
1599420167000,NO2_Good(output),675,,,
1599420166000,NO2_Good(output),684,,,
1599420165000,NO2_Good(output),693,,,
1599420164000,NO2_Good(output),703,,,
1599420163000,NO2_Good(output),712,,,
1599420162000,NO2_Good(output),722,,,
1599420161000,NO2_Good(output),732,,,
1599420160000,NO2_Good(output),743,,,
1599420159000,NO2_Good(output),754,,,
1599420158000,NO2_Good(output),765,,,
1599420157000,NO2_Good(output),776,,,
1599420156000,NO2_Good(output),788,,,
1599420155000,NO2_Good(output),800,,,
1599420154000,NO2_Good(output),812,,,
1599420153000,NO2_Good(output),825,,,
1599420152000,NO2_Good(output),839,,,
1599420631000,NO2_Moderate(output),15242,,,
1599420630000,NO2_Moderate(output),15270,,,
1599420629000,NO2_Moderate(output),15299,,,
1599420628000,NO2_Moderate(output),15327,,,
1599420627000,NO2_Moderate(output),15356,,,
1599420626000,NO2_Moderate(output),15384,,,
1599420625000,NO2_Moderate(output),15413,,,
1599420624000,NO2_Moderate(output),15442,,,
1599420623000,NO2_Moderate(output),15471,,,
1599420622000,NO2_Moderate(output),15500,,,
1599420621000,NO2_Moderate(output),15529,,,
1599420620000,NO2_Moderate(output),15558,,,
1599420619000,NO2_Moderate(output),15588,,,
1599420618000,NO2_Moderate(output),15617,,,
1599420617000,NO2_Moderate(output),15647,,,
1599420616000,NO2_Moderate(output),15677,,,
1599420615000,NO2_Moderate(output),15707,,,
1599420614000,NO2_Moderate(output),15737,,,
1599420613000,NO2_Moderate(output),15767,,,
1599420612000,NO2_Moderate(output),15797,,,
1599420611000,NO2_Moderate(output),15827,,,
1599420610000,NO2_Moderate(output),15858,,,
1599420609000,NO2_Moderate(output),15888,,,
1599420608000,NO2_Moderate(output),15919,,,
1599420607000,NO2_Moderate(output),15950,,,
1599420606000,NO2_Moderate(output),15981,,,
1599420605000,NO2_Moderate(output),16012,,,
1599420604000,NO2_Moderate(output),16043,,,
1599420603000,NO2_Moderate(output),16074,,,
1599420602000,NO2_Moderate(output),16105,,,
1599420601000,NO2_Moderate(output),16137,,,
1599420600000,NO2_Moderate(output),16169,,,
1599420599000,NO2_Moderate(output),16200,,,
1599420598000,NO2_Moderate(output),16232,,,
1599420597000,NO2_Moderate(output),16264,,,
1599420596000,NO2_Moderate(output),16296,,,
1599420595000,NO2_Moderate(output),16329,,,
1599420594000,NO2_Moderate(output),16361,,,
1599420593000,NO2_Moderate(output),16394,,,
1599420592000,NO2_Moderate(output),16426,,,
1599420591000,NO2_Moderate(output),16459,,,
1599420590000,NO2_Moderate(output),16492,,,
1599420589000,NO2_Moderate(output),16525,,,
1599420588000,NO2_Moderate(output),16558,,,
1599420587000,NO2_Moderate(output),16592,,,
1599420586000,NO2_Moderate(output),16625,,,
1599420585000,NO2_Moderate(output),16659,,,
1599420584000,NO2_Moderate(output),16692,,,
1599420583000,NO2_Moderate(output),16726,,,
1599420582000,NO2_Moderate(output),16760,,,
1599420581000,NO2_Moderate(output),16794,,,
1599420580000,NO2_Moderate(output),16829,,,
1599420579000,NO2_Moderate(output),16863,,,
1599420578000,NO2_Moderate(output),16898,,,
1599420577000,NO2_Moderate(output),16932,,,
1599420576000,NO2_Moderate(output),16967,,,
1599420575000,NO2_Moderate(output),17002,,,
1599420574000,NO2_Moderate(output),17037,,,
1599420573000,NO2_Moderate(output),17072,,,
1599420572000,NO2_Moderate(output),17108,,,
1599420571000,NO2_Moderate(output),17143,,,
1599420570000,NO2_Moderate(output),17179,,,
1599420569000,NO2_Moderate(output),17215,,,
1599420568000,NO2_Moderate(output),17251,,,
1599420567000,NO2_Moderate(output),17287,,,
1599420566000,NO2_Moderate(output),17324,,,
1599420565000,NO2_Moderate(output),17360,,,
1599420564000,NO2_Moderate(output),17397,,,
1599420563000,NO2_Moderate(output),17433,,,
1599420562000,NO2_Moderate(output),17470,,,
1599420561000,NO2_Moderate(output),17507,,,
1599420560000,NO2_Moderate(output),17545,,,
1599420559000,NO2_Moderate(output),17582,,,
1599420558000,NO2_Moderate(output),17620,,,
1599420557000,NO2_Moderate(output),17657,,,
1599420556000,NO2_Moderate(output),17695,,,
1599420555000,NO2_Moderate(output),17733,,,
1599420554000,NO2_Moderate(output),17772,,,
1599420553000,NO2_Moderate(output),17810,,,
1599420552000,NO2_Moderate(output),17848,,,
1599420551000,NO2_Moderate(output),17887,,,
1599420550000,NO2_Moderate(output),17926,,,
1599420549000,NO2_Moderate(output),17965,,,
1599420548000,NO2_Moderate(output),18004,,,
1599420547000,NO2_Moderate(output),18044,,,
1599420546000,NO2_Moderate(output),18083,,,
1599420545000,NO2_Moderate(output),18123,,,
1599420544000,NO2_Moderate(output),18163,,,
1599420543000,NO2_Moderate(output),18203,,,
1599420542000,NO2_Moderate(output),18243,,,
1599420541000,NO2_Moderate(output),18284,,,
1599420540000,NO2_Moderate(output),18324,,,
1599420539000,NO2_Moderate(output),18365,,,
1599420538000,NO2_Moderate(output),18406,,,
1599420537000,NO2_Moderate(output),18447,,,
1599420536000,NO2_Moderate(output),18489,,,
1599420535000,NO2_Moderate(output),18530,,,
1599420534000,NO2_Moderate(output),18572,,,
1599420533000,NO2_Moderate(output),18614,,,
1599420532000,NO2_Moderate(output),18656,,,
1599420531000,NO2_Moderate(output),18698,,,
1599420530000,NO2_Moderate(output),18741,,,
1599420529000,NO2_Moderate(output),18784,,,
1599420528000,NO2_Moderate(output),18826,,,
1599420527000,NO2_Moderate(output),18870,,,
1599420526000,NO2_Moderate(output),18913,,,
1599420525000,NO2_Moderate(output),18956,,,
1599420524000,NO2_Moderate(output),19000,,,
1599420523000,NO2_Moderate(output),19044,,,
1599420522000,NO2_Moderate(output),19088,,,
1599420521000,NO2_Moderate(output),19132,,,
1599420520000,NO2_Moderate(output),19177,,,
1599420519000,NO2_Moderate(output),19221,,,
1599420518000,NO2_Moderate(output),19266,,,
1599420517000,NO2_Moderate(output),19311,,,
1599420516000,NO2_Moderate(output),19357,,,
1599420515000,NO2_Moderate(output),19402,,,
1599420514000,NO2_Moderate(output),19448,,,
1599420513000,NO2_Moderate(output),19494,,,
1599420512000,NO2_Moderate(output),19540,,,
1599420511000,NO2_Moderate(output),19587,,,
1599420510000,NO2_Moderate(output),19633,,,
1599420509000,NO2_Moderate(output),19680,,,
1599420508000,NO2_Moderate(output),19727,,,
1599420507000,NO2_Moderate(output),19775,,,
1599420506000,NO2_Moderate(output),19822,,,
1599420505000,NO2_Moderate(output),19870,,,
1599420504000,NO2_Moderate(output),19918,,,
1599420503000,NO2_Moderate(output),19966,,,
1599420502000,NO2_Moderate(output),20015,,,
1599420501000,NO2_Moderate(output),20063,,,
1599420500000,NO2_Moderate(output),20112,,,
1599420499000,NO2_Moderate(output),20161,,,
1599420498000,NO2_Moderate(output),20211,,,
1599420497000,NO2_Moderate(output),20260,,,
1599420496000,NO2_Moderate(output),20310,,,
1599420495000,NO2_Moderate(output),20360,,,
1599420494000,NO2_Moderate(output),20411,,,
1599420493000,NO2_Moderate(output),20462,,,
1599420492000,NO2_Moderate(output),20512,,,
1599420491000,NO2_Moderate(output),20564,,,
1599420490000,NO2_Moderate(output),20615,,,
1599420489000,NO2_Moderate(output),20667,,,
1599420488000,NO2_Moderate(output),20719,,,
1599420487000,NO2_Moderate(output),20771,,,
1599420486000,NO2_Moderate(output),20823,,,
1599420485000,NO2_Moderate(output),20876,,,
1599420484000,NO2_Moderate(output),20929,,,
1599420483000,NO2_Moderate(output),20982,,,
1599420482000,NO2_Moderate(output),21036,,,
1599420481000,NO2_Moderate(output),21090,,,
1599420480000,NO2_Moderate(output),21144,,,
1599420479000,NO2_Moderate(output),21198,,,
1599420478000,NO2_Moderate(output),21253,,,
1599420477000,NO2_Moderate(output),21307,,,
1599420476000,NO2_Moderate(output),21363,,,
1599420475000,NO2_Moderate(output),21418,,,
1599420474000,NO2_Moderate(output),21474,,,
1599420473000,NO2_Moderate(output),21530,,,
1599420472000,NO2_Moderate(output),21586,,,
1599420471000,NO2_Moderate(output),21643,,,
1599420470000,NO2_Moderate(output),21700,,,
1599420469000,NO2_Moderate(output),21757,,,
1599420468000,NO2_Moderate(output),21815,,,
1599420467000,NO2_Moderate(output),21873,,,
1599420466000,NO2_Moderate(output),21931,,,
1599420465000,NO2_Moderate(output),21989,,,
1599420464000,NO2_Moderate(output),22048,,,
1599420463000,NO2_Moderate(output),22107,,,
1599420462000,NO2_Moderate(output),22167,,,
1599420461000,NO2_Moderate(output),22226,,,
1599420460000,NO2_Moderate(output),22286,,,
1599420459000,NO2_Moderate(output),22347,,,
1599420458000,NO2_Moderate(output),22408,,,
1599420457000,NO2_Moderate(output),22469,,,
1599420456000,NO2_Moderate(output),22530,,,
1599420455000,NO2_Moderate(output),22592,,,
1599420454000,NO2_Moderate(output),22654,,,
1599420453000,NO2_Moderate(output),22716,,,
1599420452000,NO2_Moderate(output),22779,,,
1599420332000,NO2_Moderate(output),30496,,,
1599420272000,NO2_Moderate(output),19758,,,
1599420212000,NO2_Moderate(output),6164,,,
1599420211000,NO2_Moderate(output),6215,,,
1599420210000,NO2_Moderate(output),6267,,,
1599420209000,NO2_Moderate(output),6319,,,
1599420208000,NO2_Moderate(output),6373,,,
1599420207000,NO2_Moderate(output),6427,,,
1599420206000,NO2_Moderate(output),6483,,,
1599420205000,NO2_Moderate(output),6539,,,
1599420204000,NO2_Moderate(output),6596,,,
1599420203000,NO2_Moderate(output),6655,,,
1599420202000,NO2_Moderate(output),6714,,,
1599420201000,NO2_Moderate(output),6775,,,
1599420200000,NO2_Moderate(output),6836,,,
1599420199000,NO2_Moderate(output),6899,,,
1599420198000,NO2_Moderate(output),6963,,,
1599420197000,NO2_Moderate(output),7028,,,
1599420196000,NO2_Moderate(output),7094,,,
1599420195000,NO2_Moderate(output),7162,,,
1599420194000,NO2_Moderate(output),7231,,,
1599420193000,NO2_Moderate(output),7301,,,
1599420192000,NO2_Moderate(output),7373,,,
1599420191000,NO2_Moderate(output),7446,,,
1599420190000,NO2_Moderate(output),7520,,,
1599420189000,NO2_Moderate(output),7596,,,
1599420188000,NO2_Moderate(output),7673,,,
1599420187000,NO2_Moderate(output),7753,,,
1599420186000,NO2_Moderate(output),7833,,,
1599420185000,NO2_Moderate(output),7916,,,
1599420184000,NO2_Moderate(output),8000,,,
1599420183000,NO2_Moderate(output),8086,,,
1599420182000,NO2_Moderate(output),8174,,,
1599420181000,NO2_Moderate(output),8264,,,
1599420180000,NO2_Moderate(output),8356,,,
1599420179000,NO2_Moderate(output),8449,,,
1599420178000,NO2_Moderate(output),8545,,,
1599420177000,NO2_Moderate(output),8644,,,
1599420176000,NO2_Moderate(output),8744,,,
1599420175000,NO2_Moderate(output),8847,,,
1599420174000,NO2_Moderate(output),8952,,,
1599420173000,NO2_Moderate(output),9060,,,
1599420172000,NO2_Moderate(output),9171,,,
1599420171000,NO2_Moderate(output),9284,,,
1599420170000,NO2_Moderate(output),9400,,,
1599420169000,NO2_Moderate(output),9519,,,
1599420168000,NO2_Moderate(output),9641,,,
1599420167000,NO2_Moderate(output),9766,,,
1599420166000,NO2_Moderate(output),9895,,,
1599420165000,NO2_Moderate(output),10027,,,
1599420164000,NO2_Moderate(output),10162,,,
1599420163000,NO2_Moderate(output),10301,,,
1599420162000,NO2_Moderate(output),10444,,,
1599420161000,NO2_Moderate(output),10592,,,
1599420160000,NO2_Moderate(output),10743,,,
1599420159000,NO2_Moderate(output),10899,,,
1599420158000,NO2_Moderate(output),11059,,,
1599420157000,NO2_Moderate(output),11224,,,
1599420156000,NO2_Moderate(output),11394,,,
1599420155000,NO2_Moderate(output),11569,,,
1599420154000,NO2_Moderate(output),11750,,,
1599420153000,NO2_Moderate(output),11937,,,
1599420152000,NO2_Moderate(output),12129,,,
1599420631000,NO2_Unhealthy(output),2024322,,,
1599420630000,NO2_Unhealthy(output),2028070,,,
1599420629000,NO2_Unhealthy(output),2031833,,,
1599420628000,NO2_Unhealthy(output),2035610,,,
1599420627000,NO2_Unhealthy(output),2039400,,,
1599420626000,NO2_Unhealthy(output),2043205,,,
1599420625000,NO2_Unhealthy(output),2047024,,,
1599420624000,NO2_Unhealthy(output),2050858,,,
1599420623000,NO2_Unhealthy(output),2054705,,,
1599420622000,NO2_Unhealthy(output),2058568,,,
1599420621000,NO2_Unhealthy(output),2062444,,,
1599420620000,NO2_Unhealthy(output),2066336,,,
1599420619000,NO2_Unhealthy(output),2070242,,,
1599420618000,NO2_Unhealthy(output),2074163,,,
1599420617000,NO2_Unhealthy(output),2078099,,,
1599420616000,NO2_Unhealthy(output),2082049,,,
1599420615000,NO2_Unhealthy(output),2086015,,,
1599420614000,NO2_Unhealthy(output),2089996,,,
1599420613000,NO2_Unhealthy(output),2093992,,,
1599420612000,NO2_Unhealthy(output),2098004,,,
1599420611000,NO2_Unhealthy(output),2102031,,,
1599420610000,NO2_Unhealthy(output),2106073,,,
1599420609000,NO2_Unhealthy(output),2110131,,,
1599420608000,NO2_Unhealthy(output),2114205,,,
1599420607000,NO2_Unhealthy(output),2118294,,,
1599420606000,NO2_Unhealthy(output),2122399,,,
1599420605000,NO2_Unhealthy(output),2126520,,,
1599420604000,NO2_Unhealthy(output),2130658,,,
1599420603000,NO2_Unhealthy(output),2134811,,,
1599420602000,NO2_Unhealthy(output),2138980,,,
1599420601000,NO2_Unhealthy(output),2143166,,,
1599420600000,NO2_Unhealthy(output),2147369,,,
1599420599000,NO2_Unhealthy(output),2151587,,,
1599420598000,NO2_Unhealthy(output),2155823,,,
1599420597000,NO2_Unhealthy(output),2160075,,,
1599420596000,NO2_Unhealthy(output),2164344,,,
1599420595000,NO2_Unhealthy(output),2168630,,,
1599420594000,NO2_Unhealthy(output),2172933,,,
1599420593000,NO2_Unhealthy(output),2177252,,,
1599420592000,NO2_Unhealthy(output),2181590,,,
1599420591000,NO2_Unhealthy(output),2185944,,,
1599420590000,NO2_Unhealthy(output),2190316,,,
1599420589000,NO2_Unhealthy(output),2194705,,,
1599420588000,NO2_Unhealthy(output),2199112,,,
1599420587000,NO2_Unhealthy(output),2203537,,,
1599420586000,NO2_Unhealthy(output),2207980,,,
1599420585000,NO2_Unhealthy(output),2212440,,,
1599420584000,NO2_Unhealthy(output),2216919,,,
1599420583000,NO2_Unhealthy(output),2221416,,,
1599420582000,NO2_Unhealthy(output),2225931,,,
1599420581000,NO2_Unhealthy(output),2230464,,,
1599420580000,NO2_Unhealthy(output),2235016,,,
1599420579000,NO2_Unhealthy(output),2239587,,,
1599420578000,NO2_Unhealthy(output),2244176,,,
1599420577000,NO2_Unhealthy(output),2248784,,,
1599420576000,NO2_Unhealthy(output),2253412,,,
1599420575000,NO2_Unhealthy(output),2258058,,,
1599420574000,NO2_Unhealthy(output),2262723,,,
1599420573000,NO2_Unhealthy(output),2267408,,,
1599420572000,NO2_Unhealthy(output),2272112,,,
1599420571000,NO2_Unhealthy(output),2276836,,,
1599420570000,NO2_Unhealthy(output),2281579,,,
1599420569000,NO2_Unhealthy(output),2286342,,,
1599420568000,NO2_Unhealthy(output),2291126,,,
1599420567000,NO2_Unhealthy(output),2295929,,,
1599420566000,NO2_Unhealthy(output),2300752,,,
1599420565000,NO2_Unhealthy(output),2305596,,,
1599420564000,NO2_Unhealthy(output),2310460,,,
1599420563000,NO2_Unhealthy(output),2315345,,,
1599420562000,NO2_Unhealthy(output),2320250,,,
1599420561000,NO2_Unhealthy(output),2325176,,,
1599420560000,NO2_Unhealthy(output),2330123,,,
1599420559000,NO2_Unhealthy(output),2335092,,,
1599420558000,NO2_Unhealthy(output),2340081,,,
1599420557000,NO2_Unhealthy(output),2345092,,,
1599420556000,NO2_Unhealthy(output),2350124,,,
1599420555000,NO2_Unhealthy(output),2355178,,,
1599420554000,NO2_Unhealthy(output),2360254,,,
1599420553000,NO2_Unhealthy(output),2365352,,,
1599420552000,NO2_Unhealthy(output),2370472,,,
1599420551000,NO2_Unhealthy(output),2375614,,,
1599420550000,NO2_Unhealthy(output),2380778,,,
1599420549000,NO2_Unhealthy(output),2385965,,,
1599420548000,NO2_Unhealthy(output),2391175,,,
1599420547000,NO2_Unhealthy(output),2396407,,,
1599420546000,NO2_Unhealthy(output),2401662,,,
1599420545000,NO2_Unhealthy(output),2406941,,,
1599420544000,NO2_Unhealthy(output),2412242,,,
1599420543000,NO2_Unhealthy(output),2417567,,,
1599420542000,NO2_Unhealthy(output),2422916,,,
1599420541000,NO2_Unhealthy(output),2428288,,,
1599420540000,NO2_Unhealthy(output),2433684,,,
1599420539000,NO2_Unhealthy(output),2439105,,,
1599420538000,NO2_Unhealthy(output),2444549,,,
1599420537000,NO2_Unhealthy(output),2450018,,,
1599420536000,NO2_Unhealthy(output),2455511,,,
1599420535000,NO2_Unhealthy(output),2461029,,,
1599420534000,NO2_Unhealthy(output),2466572,,,
1599420533000,NO2_Unhealthy(output),2472140,,,
1599420532000,NO2_Unhealthy(output),2477733,,,
1599420531000,NO2_Unhealthy(output),2483351,,,
1599420530000,NO2_Unhealthy(output),2488995,,,
1599420529000,NO2_Unhealthy(output),2494665,,,
1599420528000,NO2_Unhealthy(output),2500361,,,
1599420527000,NO2_Unhealthy(output),2506082,,,
1599420526000,NO2_Unhealthy(output),2511830,,,
1599420525000,NO2_Unhealthy(output),2517605,,,
1599420524000,NO2_Unhealthy(output),2523406,,,
1599420523000,NO2_Unhealthy(output),2529233,,,
1599420522000,NO2_Unhealthy(output),2535088,,,
1599420521000,NO2_Unhealthy(output),2540970,,,
1599420520000,NO2_Unhealthy(output),2546879,,,
1599420519000,NO2_Unhealthy(output),2552816,,,
1599420518000,NO2_Unhealthy(output),2558780,,,
1599420517000,NO2_Unhealthy(output),2564773,,,
1599420516000,NO2_Unhealthy(output),2570793,,,
1599420515000,NO2_Unhealthy(output),2576842,,,
1599420514000,NO2_Unhealthy(output),2582920,,,
1599420513000,NO2_Unhealthy(output),2589026,,,
1599420512000,NO2_Unhealthy(output),2595161,,,
1599420511000,NO2_Unhealthy(output),2601325,,,
1599420510000,NO2_Unhealthy(output),2607519,,,
1599420509000,NO2_Unhealthy(output),2613742,,,
1599420508000,NO2_Unhealthy(output),2619995,,,
1599420507000,NO2_Unhealthy(output),2626278,,,
1599420506000,NO2_Unhealthy(output),2632591,,,
1599420505000,NO2_Unhealthy(output),2638935,,,
1599420504000,NO2_Unhealthy(output),2645309,,,
1599420503000,NO2_Unhealthy(output),2651714,,,
1599420502000,NO2_Unhealthy(output),2658150,,,
1599420501000,NO2_Unhealthy(output),2664618,,,
1599420500000,NO2_Unhealthy(output),2671117,,,
1599420499000,NO2_Unhealthy(output),2677648,,,
1599420498000,NO2_Unhealthy(output),2684211,,,
1599420497000,NO2_Unhealthy(output),2690806,,,
1599420496000,NO2_Unhealthy(output),2697433,,,
1599420495000,NO2_Unhealthy(output),2704094,,,
1599420494000,NO2_Unhealthy(output),2710787,,,
1599420493000,NO2_Unhealthy(output),2717514,,,
1599420492000,NO2_Unhealthy(output),2724274,,,
1599420491000,NO2_Unhealthy(output),2731067,,,
1599420490000,NO2_Unhealthy(output),2737895,,,
1599420489000,NO2_Unhealthy(output),2744757,,,
1599420488000,NO2_Unhealthy(output),2751653,,,
1599420487000,NO2_Unhealthy(output),2758584,,,
1599420486000,NO2_Unhealthy(output),2765551,,,
1599420485000,NO2_Unhealthy(output),2772552,,,
1599420484000,NO2_Unhealthy(output),2779589,,,
1599420483000,NO2_Unhealthy(output),2786662,,,
1599420482000,NO2_Unhealthy(output),2793770,,,
1599420481000,NO2_Unhealthy(output),2800916,,,
1599420480000,NO2_Unhealthy(output),2808097,,,
1599420479000,NO2_Unhealthy(output),2815316,,,
1599420478000,NO2_Unhealthy(output),2822572,,,
1599420477000,NO2_Unhealthy(output),2829866,,,
1599420476000,NO2_Unhealthy(output),2837197,,,
1599420475000,NO2_Unhealthy(output),2844566,,,
1599420474000,NO2_Unhealthy(output),2851974,,,
1599420473000,NO2_Unhealthy(output),2859420,,,
1599420472000,NO2_Unhealthy(output),2866906,,,
1599420471000,NO2_Unhealthy(output),2874430,,,
1599420470000,NO2_Unhealthy(output),2881995,,,
1599420469000,NO2_Unhealthy(output),2889599,,,
1599420468000,NO2_Unhealthy(output),2897243,,,
1599420467000,NO2_Unhealthy(output),2904928,,,
1599420466000,NO2_Unhealthy(output),2912654,,,
1599420465000,NO2_Unhealthy(output),2920421,,,
1599420464000,NO2_Unhealthy(output),2928230,,,
1599420463000,NO2_Unhealthy(output),2936080,,,
1599420462000,NO2_Unhealthy(output),2943973,,,
1599420461000,NO2_Unhealthy(output),2951908,,,
1599420460000,NO2_Unhealthy(output),2959886,,,
1599420459000,NO2_Unhealthy(output),2967908,,,
1599420458000,NO2_Unhealthy(output),2975973,,,
1599420457000,NO2_Unhealthy(output),2984082,,,
1599420456000,NO2_Unhealthy(output),2992235,,,
1599420455000,NO2_Unhealthy(output),3000433,,,
1599420454000,NO2_Unhealthy(output),3008676,,,
1599420453000,NO2_Unhealthy(output),3016964,,,
1599420452000,NO2_Unhealthy(output),3025298,,,
1599420332000,NO2_Unhealthy(output),3900240,,,
1599420272000,NO2_Unhealthy(output),4250286,,,
1599420212000,NO2_Unhealthy(output),3479082,,,
1599420211000,NO2_Unhealthy(output),3502463,,,
1599420210000,NO2_Unhealthy(output),3531650,,,
1599420209000,NO2_Unhealthy(output),3561328,,,
1599420208000,NO2_Unhealthy(output),3591508,,,
1599420207000,NO2_Unhealthy(output),3622205,,,
1599420206000,NO2_Unhealthy(output),3653431,,,
1599420205000,NO2_Unhealthy(output),3685200,,,
1599420204000,NO2_Unhealthy(output),3717526,,,
1599420203000,NO2_Unhealthy(output),3750425,,,
1599420202000,NO2_Unhealthy(output),3783911,,,
1599420201000,NO2_Unhealthy(output),3818000,,,
1599420200000,NO2_Unhealthy(output),3852709,,,
1599420199000,NO2_Unhealthy(output),3888055,,,
1599420198000,NO2_Unhealthy(output),3924056,,,
1599420197000,NO2_Unhealthy(output),3960729,,,
1599420196000,NO2_Unhealthy(output),3998094,,,
1599420195000,NO2_Unhealthy(output),4036171,,,
1599420194000,NO2_Unhealthy(output),4074981,,,
1599420193000,NO2_Unhealthy(output),4114544,,,
1599420192000,NO2_Unhealthy(output),4154882,,,
1599420191000,NO2_Unhealthy(output),4196020,,,
1599420190000,NO2_Unhealthy(output),4237980,,,
1599420189000,NO2_Unhealthy(output),4280788,,,
1599420188000,NO2_Unhealthy(output),4324469,,,
1599420187000,NO2_Unhealthy(output),4369052,,,
1599420186000,NO2_Unhealthy(output),4414562,,,
1599420185000,NO2_Unhealthy(output),4461032,,,
1599420184000,NO2_Unhealthy(output),4508489,,,
1599420183000,NO2_Unhealthy(output),4556968,,,
1599420182000,NO2_Unhealthy(output),4606500,,,
1599420181000,NO2_Unhealthy(output),4657121,,,
1599420180000,NO2_Unhealthy(output),4708867,,,
1599420179000,NO2_Unhealthy(output),4761775,,,
1599420178000,NO2_Unhealthy(output),4815886,,,
1599420177000,NO2_Unhealthy(output),4871241,,,
1599420176000,NO2_Unhealthy(output),4927884,,,
1599420175000,NO2_Unhealthy(output),4985859,,,
1599420174000,NO2_Unhealthy(output),5045214,,,
1599420173000,NO2_Unhealthy(output),5106000,,,
1599420172000,NO2_Unhealthy(output),5168268,,,
1599420171000,NO2_Unhealthy(output),5232074,,,
1599420170000,NO2_Unhealthy(output),5296825,,,
1599420169000,NO2_Unhealthy(output),5363873,,,
1599420168000,NO2_Unhealthy(output),5432641,,,
1599420167000,NO2_Unhealthy(output),5503195,,,
1599420166000,NO2_Unhealthy(output),5575605,,,
1599420165000,NO2_Unhealthy(output),5649947,,,
1599420164000,NO2_Unhealthy(output),5726297,,,
1599420163000,NO2_Unhealthy(output),5804740,,,
1599420162000,NO2_Unhealthy(output),5885361,,,
1599420161000,NO2_Unhealthy(output),5968254,,,
1599420160000,NO2_Unhealthy(output),6053514,,,
1599420159000,NO2_Unhealthy(output),6141246,,,
1599420158000,NO2_Unhealthy(output),6231559,,,
1599420157000,NO2_Unhealthy(output),6324567,,,
1599420156000,NO2_Unhealthy(output),6420394,,,
1599420155000,NO2_Unhealthy(output),6519169,,,
1599420154000,NO2_Unhealthy(output),6621031,,,
1599420153000,NO2_Unhealthy(output),6726127,,,
1599420152000,NO2_Unhealthy(output),3380452,,,
1599420631000,NO2_UnhealthyForSensitiveGroup(output),4583852,,,
1599420630000,NO2_UnhealthyForSensitiveGroup(output),4592341,,,
1599420629000,NO2_UnhealthyForSensitiveGroup(output),4600861,,,
1599420628000,NO2_UnhealthyForSensitiveGroup(output),4609413,,,
1599420627000,NO2_UnhealthyForSensitiveGroup(output),4617996,,,
1599420626000,NO2_UnhealthyForSensitiveGroup(output),4626612,,,
1599420625000,NO2_UnhealthyForSensitiveGroup(output),4635260,,,
1599420624000,NO2_UnhealthyForSensitiveGroup(output),4643940,,,
1599420623000,NO2_UnhealthyForSensitiveGroup(output),4652653,,,
1599420622000,NO2_UnhealthyForSensitiveGroup(output),4661398,,,
1599420621000,NO2_UnhealthyForSensitiveGroup(output),4670177,,,
1599420620000,NO2_UnhealthyForSensitiveGroup(output),4678989,,,
1599420619000,NO2_UnhealthyForSensitiveGroup(output),4687834,,,
1599420618000,NO2_UnhealthyForSensitiveGroup(output),4696712,,,
1599420617000,NO2_UnhealthyForSensitiveGroup(output),4705624,,,
1599420616000,NO2_UnhealthyForSensitiveGroup(output),4714570,,,
1599420615000,NO2_UnhealthyForSensitiveGroup(output),4723550,,,
1599420614000,NO2_UnhealthyForSensitiveGroup(output),4732565,,,
1599420613000,NO2_UnhealthyForSensitiveGroup(output),4741614,,,
1599420612000,NO2_UnhealthyForSensitiveGroup(output),4750697,,,
1599420611000,NO2_UnhealthyForSensitiveGroup(output),4759816,,,
1599420610000,NO2_UnhealthyForSensitiveGroup(output),4768969,,,
1599420609000,NO2_UnhealthyForSensitiveGroup(output),4778158,,,
1599420608000,NO2_UnhealthyForSensitiveGroup(output),4787382,,,
1599420607000,NO2_UnhealthyForSensitiveGroup(output),4796642,,,
1599420606000,NO2_UnhealthyForSensitiveGroup(output),4805938,,,
1599420605000,NO2_UnhealthyForSensitiveGroup(output),4815270,,,
1599420604000,NO2_UnhealthyForSensitiveGroup(output),4824638,,,
1599420603000,NO2_UnhealthyForSensitiveGroup(output),4834043,,,
1599420602000,NO2_UnhealthyForSensitiveGroup(output),4843484,,,
1599420601000,NO2_UnhealthyForSensitiveGroup(output),4852963,,,
1599420600000,NO2_UnhealthyForSensitiveGroup(output),4862478,,,
1599420599000,NO2_UnhealthyForSensitiveGroup(output),4872031,,,
1599420598000,NO2_UnhealthyForSensitiveGroup(output),4881622,,,
1599420597000,NO2_UnhealthyForSensitiveGroup(output),4891250,,,
1599420596000,NO2_UnhealthyForSensitiveGroup(output),4900917,,,
1599420595000,NO2_UnhealthyForSensitiveGroup(output),4910622,,,
1599420594000,NO2_UnhealthyForSensitiveGroup(output),4920365,,,
1599420593000,NO2_UnhealthyForSensitiveGroup(output),4930147,,,
1599420592000,NO2_UnhealthyForSensitiveGroup(output),4939968,,,
1599420591000,NO2_UnhealthyForSensitiveGroup(output),4949828,,,
1599420590000,NO2_UnhealthyForSensitiveGroup(output),4959728,,,
1599420589000,NO2_UnhealthyForSensitiveGroup(output),4969667,,,
1599420588000,NO2_UnhealthyForSensitiveGroup(output),4979647,,,
1599420587000,NO2_UnhealthyForSensitiveGroup(output),4989666,,,
1599420586000,NO2_UnhealthyForSensitiveGroup(output),4999726,,,
1599420585000,NO2_UnhealthyForSensitiveGroup(output),5009826,,,
1599420584000,NO2_UnhealthyForSensitiveGroup(output),5019968,,,
1599420583000,NO2_UnhealthyForSensitiveGroup(output),5030150,,,
1599420582000,NO2_UnhealthyForSensitiveGroup(output),5040374,,,
1599420581000,NO2_UnhealthyForSensitiveGroup(output),5050640,,,
1599420580000,NO2_UnhealthyForSensitiveGroup(output),5060947,,,
1599420579000,NO2_UnhealthyForSensitiveGroup(output),5071297,,,
1599420578000,NO2_UnhealthyForSensitiveGroup(output),5081689,,,
1599420577000,NO2_UnhealthyForSensitiveGroup(output),5092123,,,
1599420576000,NO2_UnhealthyForSensitiveGroup(output),5102601,,,
1599420575000,NO2_UnhealthyForSensitiveGroup(output),5113122,,,
1599420574000,NO2_UnhealthyForSensitiveGroup(output),5123686,,,
1599420573000,NO2_UnhealthyForSensitiveGroup(output),5134294,,,
1599420572000,NO2_UnhealthyForSensitiveGroup(output),5144946,,,
1599420571000,NO2_UnhealthyForSensitiveGroup(output),4992894,,,
1599420570000,NO2_UnhealthyForSensitiveGroup(output),5003296,,,
1599420569000,NO2_UnhealthyForSensitiveGroup(output),5013741,,,
1599420568000,NO2_UnhealthyForSensitiveGroup(output),5024230,,,
1599420567000,NO2_UnhealthyForSensitiveGroup(output),5034763,,,
1599420566000,NO2_UnhealthyForSensitiveGroup(output),5045340,,,
1599420565000,NO2_UnhealthyForSensitiveGroup(output),5055962,,,
1599420564000,NO2_UnhealthyForSensitiveGroup(output),5066629,,,
1599420563000,NO2_UnhealthyForSensitiveGroup(output),5077340,,,
1599420562000,NO2_UnhealthyForSensitiveGroup(output),5088097,,,
1599420561000,NO2_UnhealthyForSensitiveGroup(output),5098900,,,
1599420560000,NO2_UnhealthyForSensitiveGroup(output),5109749,,,
1599420559000,NO2_UnhealthyForSensitiveGroup(output),5120644,,,
1599420558000,NO2_UnhealthyForSensitiveGroup(output),5131585,,,
1599420557000,NO2_UnhealthyForSensitiveGroup(output),5142574,,,
1599420556000,NO2_UnhealthyForSensitiveGroup(output),5153609,,,
1599420555000,NO2_UnhealthyForSensitiveGroup(output),5164692,,,
1599420554000,NO2_UnhealthyForSensitiveGroup(output),5175823,,,
1599420553000,NO2_UnhealthyForSensitiveGroup(output),5187002,,,
1599420552000,NO2_UnhealthyForSensitiveGroup(output),5198229,,,
1599420551000,NO2_UnhealthyForSensitiveGroup(output),5209505,,,
1599420550000,NO2_UnhealthyForSensitiveGroup(output),5220830,,,
1599420549000,NO2_UnhealthyForSensitiveGroup(output),5232205,,,
1599420548000,NO2_UnhealthyForSensitiveGroup(output),5243629,,,
1599420547000,NO2_UnhealthyForSensitiveGroup(output),5255103,,,
1599420546000,NO2_UnhealthyForSensitiveGroup(output),5266627,,,
1599420545000,NO2_UnhealthyForSensitiveGroup(output),5278202,,,
1599420544000,NO2_UnhealthyForSensitiveGroup(output),5289828,,,
1599420543000,NO2_UnhealthyForSensitiveGroup(output),5301501,,,
1599420542000,NO2_UnhealthyForSensitiveGroup(output),5313230,,,
1599420541000,NO2_UnhealthyForSensitiveGroup(output),5325011,,,
1599420540000,NO2_UnhealthyForSensitiveGroup(output),5336844,,,
1599420539000,NO2_UnhealthyForSensitiveGroup(output),5348731,,,
1599420538000,NO2_UnhealthyForSensitiveGroup(output),5360670,,,
1599420537000,NO2_UnhealthyForSensitiveGroup(output),5372662,,,
1599420536000,NO2_UnhealthyForSensitiveGroup(output),5384709,,,
1599420535000,NO2_UnhealthyForSensitiveGroup(output),5396809,,,
1599420534000,NO2_UnhealthyForSensitiveGroup(output),5408964,,,
1599420533000,NO2_UnhealthyForSensitiveGroup(output),5421174,,,
1599420532000,NO2_UnhealthyForSensitiveGroup(output),5433439,,,
1599420531000,NO2_UnhealthyForSensitiveGroup(output),5445760,,,
1599420530000,NO2_UnhealthyForSensitiveGroup(output),5458136,,,
1599420529000,NO2_UnhealthyForSensitiveGroup(output),5470569,,,
1599420528000,NO2_UnhealthyForSensitiveGroup(output),5483059,,,
1599420527000,NO2_UnhealthyForSensitiveGroup(output),5495606,,,
1599420526000,NO2_UnhealthyForSensitiveGroup(output),5508211,,,
1599420525000,NO2_UnhealthyForSensitiveGroup(output),5520874,,,
1599420524000,NO2_UnhealthyForSensitiveGroup(output),5533594,,,
1599420523000,NO2_UnhealthyForSensitiveGroup(output),5546374,,,
1599420522000,NO2_UnhealthyForSensitiveGroup(output),5559213,,,
1599420521000,NO2_UnhealthyForSensitiveGroup(output),5572111,,,
1599420520000,NO2_UnhealthyForSensitiveGroup(output),5585070,,,
1599420519000,NO2_UnhealthyForSensitiveGroup(output),5598089,,,
1599420518000,NO2_UnhealthyForSensitiveGroup(output),5611168,,,
1599420517000,NO2_UnhealthyForSensitiveGroup(output),5624309,,,
1599420516000,NO2_UnhealthyForSensitiveGroup(output),5637512,,,
1599420515000,NO2_UnhealthyForSensitiveGroup(output),5650776,,,
1599420514000,NO2_UnhealthyForSensitiveGroup(output),5664104,,,
1599420513000,NO2_UnhealthyForSensitiveGroup(output),5677494,,,
1599420512000,NO2_UnhealthyForSensitiveGroup(output),5690948,,,
1599420511000,NO2_UnhealthyForSensitiveGroup(output),5145292,,,
1599420510000,NO2_UnhealthyForSensitiveGroup(output),5157543,,,
1599420509000,NO2_UnhealthyForSensitiveGroup(output),5169852,,,
1599420508000,NO2_UnhealthyForSensitiveGroup(output),5182220,,,
1599420507000,NO2_UnhealthyForSensitiveGroup(output),5194647,,,
1599420506000,NO2_UnhealthyForSensitiveGroup(output),5207135,,,
1599420505000,NO2_UnhealthyForSensitiveGroup(output),5219682,,,
1599420504000,NO2_UnhealthyForSensitiveGroup(output),5232290,,,
1599420503000,NO2_UnhealthyForSensitiveGroup(output),5244959,,,
1599420502000,NO2_UnhealthyForSensitiveGroup(output),5257689,,,
1599420501000,NO2_UnhealthyForSensitiveGroup(output),5270482,,,
1599420500000,NO2_UnhealthyForSensitiveGroup(output),5283332,,,
1599420499000,NO2_UnhealthyForSensitiveGroup(output),5296249,,,
1599420498000,NO2_UnhealthyForSensitiveGroup(output),5309230,,,
1599420497000,NO2_UnhealthyForSensitiveGroup(output),5322275,,,
1599420496000,NO2_UnhealthyForSensitiveGroup(output),5335384,,,
1599420495000,NO2_UnhealthyForSensitiveGroup(output),5348558,,,
1599420494000,NO2_UnhealthyForSensitiveGroup(output),5361797,,,
1599420493000,NO2_UnhealthyForSensitiveGroup(output),5375102,,,
1599420492000,NO2_UnhealthyForSensitiveGroup(output),5388473,,,
1599420491000,NO2_UnhealthyForSensitiveGroup(output),5401910,,,
1599420490000,NO2_UnhealthyForSensitiveGroup(output),5415415,,,
1599420489000,NO2_UnhealthyForSensitiveGroup(output),5428987,,,
1599420488000,NO2_UnhealthyForSensitiveGroup(output),5442628,,,
1599420487000,NO2_UnhealthyForSensitiveGroup(output),5456338,,,
1599420486000,NO2_UnhealthyForSensitiveGroup(output),5470116,,,
1599420485000,NO2_UnhealthyForSensitiveGroup(output),5483965,,,
1599420484000,NO2_UnhealthyForSensitiveGroup(output),5497883,,,
1599420483000,NO2_UnhealthyForSensitiveGroup(output),5511873,,,
1599420482000,NO2_UnhealthyForSensitiveGroup(output),5525934,,,
1599420481000,NO2_UnhealthyForSensitiveGroup(output),5540066,,,
1599420480000,NO2_UnhealthyForSensitiveGroup(output),5554272,,,
1599420479000,NO2_UnhealthyForSensitiveGroup(output),5568550,,,
1599420478000,NO2_UnhealthyForSensitiveGroup(output),5582902,,,
1599420477000,NO2_UnhealthyForSensitiveGroup(output),5597328,,,
1599420476000,NO2_UnhealthyForSensitiveGroup(output),5611829,,,
1599420475000,NO2_UnhealthyForSensitiveGroup(output),5626405,,,
1599420474000,NO2_UnhealthyForSensitiveGroup(output),5641057,,,
1599420473000,NO2_UnhealthyForSensitiveGroup(output),5655786,,,
1599420472000,NO2_UnhealthyForSensitiveGroup(output),5670586,,,
1599420471000,NO2_UnhealthyForSensitiveGroup(output),5685470,,,
1599420470000,NO2_UnhealthyForSensitiveGroup(output),5700432,,,
1599420469000,NO2_UnhealthyForSensitiveGroup(output),5715472,,,
1599420468000,NO2_UnhealthyForSensitiveGroup(output),5730593,,,
1599420467000,NO2_UnhealthyForSensitiveGroup(output),5745793,,,
1599420466000,NO2_UnhealthyForSensitiveGroup(output),5761074,,,
1599420465000,NO2_UnhealthyForSensitiveGroup(output),5776437,,,
1599420464000,NO2_UnhealthyForSensitiveGroup(output),5791882,,,
1599420463000,NO2_UnhealthyForSensitiveGroup(output),5807410,,,
1599420462000,NO2_UnhealthyForSensitiveGroup(output),5823022,,,
1599420461000,NO2_UnhealthyForSensitiveGroup(output),5838717,,,
1599420460000,NO2_UnhealthyForSensitiveGroup(output),5854497,,,
1599420459000,NO2_UnhealthyForSensitiveGroup(output),5870363,,,
1599420458000,NO2_UnhealthyForSensitiveGroup(output),5886315,,,
1599420457000,NO2_UnhealthyForSensitiveGroup(output),5902354,,,
1599420456000,NO2_UnhealthyForSensitiveGroup(output),5918481,,,
1599420455000,NO2_UnhealthyForSensitiveGroup(output),5934696,,,
1599420454000,NO2_UnhealthyForSensitiveGroup(output),5951000,,,
1599420453000,NO2_UnhealthyForSensitiveGroup(output),5967394,,,
1599420452000,NO2_UnhealthyForSensitiveGroup(output),5983878,,,
1599420332000,NO2_UnhealthyForSensitiveGroup(output),7130413,,,
1599420272000,NO2_UnhealthyForSensitiveGroup(output),7783769,,,
1599420212000,NO2_UnhealthyForSensitiveGroup(output),6484754,,,
1599420211000,NO2_UnhealthyForSensitiveGroup(output),6527438,,,
1599420210000,NO2_UnhealthyForSensitiveGroup(output),6581833,,,
1599420209000,NO2_UnhealthyForSensitiveGroup(output),6637143,,,
1599420208000,NO2_UnhealthyForSensitiveGroup(output),6693390,,,
1599420207000,NO2_UnhealthyForSensitiveGroup(output),6750598,,,
1599420206000,NO2_UnhealthyForSensitiveGroup(output),6808793,,,
1599420205000,NO2_UnhealthyForSensitiveGroup(output),6868000,,,
1599420204000,NO2_UnhealthyForSensitiveGroup(output),6928246,,,
1599420203000,NO2_UnhealthyForSensitiveGroup(output),6989558,,,
1599420202000,NO2_UnhealthyForSensitiveGroup(output),7051964,,,
1599420201000,NO2_UnhealthyForSensitiveGroup(output),7115495,,,
1599420200000,NO2_UnhealthyForSensitiveGroup(output),7180182,,,
1599420199000,NO2_UnhealthyForSensitiveGroup(output),7246055,,,
1599420198000,NO2_UnhealthyForSensitiveGroup(output),7313148,,,
1599420197000,NO2_UnhealthyForSensitiveGroup(output),7381495,,,
1599420196000,NO2_UnhealthyForSensitiveGroup(output),7451132,,,
1599420195000,NO2_UnhealthyForSensitiveGroup(output),7522095,,,
1599420194000,NO2_UnhealthyForSensitiveGroup(output),7594423,,,
1599420193000,NO2_UnhealthyForSensitiveGroup(output),7668155,,,
1599420192000,NO2_UnhealthyForSensitiveGroup(output),7743333,,,
1599420191000,NO2_UnhealthyForSensitiveGroup(output),7820000,,,
1599420190000,NO2_UnhealthyForSensitiveGroup(output),7898200,,,
1599420189000,NO2_UnhealthyForSensitiveGroup(output),7977980,,,
1599420188000,NO2_UnhealthyForSensitiveGroup(output),8059388,,,
1599420187000,NO2_UnhealthyForSensitiveGroup(output),8142474,,,
1599420186000,NO2_UnhealthyForSensitiveGroup(output),8227292,,,
1599420185000,NO2_UnhealthyForSensitiveGroup(output),8313895,,,
1599420184000,NO2_UnhealthyForSensitiveGroup(output),8402340,,,
1599420183000,NO2_UnhealthyForSensitiveGroup(output),8492688,,,
1599420182000,NO2_UnhealthyForSensitiveGroup(output),8585000,,,
1599420181000,NO2_UnhealthyForSensitiveGroup(output),8679341,,,
1599420180000,NO2_UnhealthyForSensitiveGroup(output),8775778,,,
1599420179000,NO2_UnhealthyForSensitiveGroup(output),8874382,,,
1599420178000,NO2_UnhealthyForSensitiveGroup(output),8975227,,,
1599420177000,NO2_UnhealthyForSensitiveGroup(output),9078391,,,
1599420176000,NO2_UnhealthyForSensitiveGroup(output),9183953,,,
1599420175000,NO2_UnhealthyForSensitiveGroup(output),9292000,,,
1599420174000,NO2_UnhealthyForSensitiveGroup(output),9402619,,,
1599420173000,NO2_UnhealthyForSensitiveGroup(output),9515904,,,
1599420172000,NO2_UnhealthyForSensitiveGroup(output),9631951,,,
1599420171000,NO2_UnhealthyForSensitiveGroup(output),9750864,,,
1599420170000,NO2_UnhealthyForSensitiveGroup(output),9870675,,,
1599420169000,NO2_UnhealthyForSensitiveGroup(output),9995620,,,
1599420168000,NO2_UnhealthyForSensitiveGroup(output),10123769,,,
1599420167000,NO2_UnhealthyForSensitiveGroup(output),10255247,,,
1599420166000,NO2_UnhealthyForSensitiveGroup(output),10390184,,,
1599420165000,NO2_UnhealthyForSensitiveGroup(output),10528720,,,
1599420164000,NO2_UnhealthyForSensitiveGroup(output),10671000,,,
1599420163000,NO2_UnhealthyForSensitiveGroup(output),10817178,,,
1599420162000,NO2_UnhealthyForSensitiveGroup(output),10967417,,,
1599420161000,NO2_UnhealthyForSensitiveGroup(output),11121887,,,
1599420160000,NO2_UnhealthyForSensitiveGroup(output),11280771,,,
1599420159000,NO2_UnhealthyForSensitiveGroup(output),11444261,,,
1599420158000,NO2_UnhealthyForSensitiveGroup(output),11612559,,,
1599420157000,NO2_UnhealthyForSensitiveGroup(output),11785881,,,
1599420156000,NO2_UnhealthyForSensitiveGroup(output),11964455,,,
1599420155000,NO2_UnhealthyForSensitiveGroup(output),12148523,,,
1599420154000,NO2_UnhealthyForSensitiveGroup(output),12338344,,,
1599420153000,NO2_UnhealthyForSensitiveGroup(output),12534190,,,
1599420152000,NO2_UnhealthyForSensitiveGroup(output),6295194,,,
,,,,,
,,,,,
,,Avg_Throughput,AirQualityLevel(output),,
Timestamp,Siddhi,Esper,Esper,Esper,Esper
1599420631000,13063482,15759485,15759485,AirQualityLevel(output),15759485
1599420630000,13087667,15803250,15803250,AirQualityLevel(output),15803250
1599420629000,13111941,15847259,15847259,AirQualityLevel(output),15847259
1599420628000,13136305,15891514,15891514,AirQualityLevel(output),15891514
1599420627000,13160760,15936017,15936017,AirQualityLevel(output),15936017
1599420626000,13185306,15980770,15980770,AirQualityLevel(output),15980770
1599420625000,13209944,16025775,16025775,AirQualityLevel(output),16025775
1599420624000,13234674,16071034,16071034,AirQualityLevel(output),16071034
1599420623000,13259497,16116550,16116550,AirQualityLevel(output),16116550
1599420622000,13284414,16162324,16162324,AirQualityLevel(output),16162324
1599420621000,13309424,16208359,16208359,AirQualityLevel(output),16208359
1599420620000,13334528,16254657,16254657,AirQualityLevel(output),16254657
1599420619000,13359728,16301221,16301221,AirQualityLevel(output),16301221
1599420618000,13385023,16348052,16348052,AirQualityLevel(output),16348052
1599420617000,13410414,16395153,16395153,AirQualityLevel(output),16395153
1599420616000,13435901,16442526,16442526,AirQualityLevel(output),16442526
1599420615000,13461486,16490174,16490174,AirQualityLevel(output),16490174
1599420614000,13487168,16538099,16538099,AirQualityLevel(output),16538099
1599420613000,13512948,16586303,16586303,AirQualityLevel(output),16586303
1599420612000,13538828,16634789,16634789,AirQualityLevel(output),16634789
1599420611000,13564806,16683560,16683560,AirQualityLevel(output),16683560
1599420610000,13590885,16732618,16732618,AirQualityLevel(output),16732618
1599420609000,13617064,16781965,16781965,AirQualityLevel(output),16781965
1599420608000,13643344,16831604,16831604,AirQualityLevel(output),16831604
1599420607000,13669725,16881537,16881537,AirQualityLevel(output),16881537
1599420606000,13696209,16931768,16931768,AirQualityLevel(output),16931768
1599420605000,13722796,16982299,16982299,AirQualityLevel(output),16982299
1599420604000,13749486,17033132,17033132,AirQualityLevel(output),17033132
1599420603000,13776281,17084270,17084270,AirQualityLevel(output),17084270
1599420602000,13803180,17135717,17135717,AirQualityLevel(output),17135717
1599420601000,13830184,17187474,17187474,AirQualityLevel(output),17187474
1599420600000,13857294,17239545,17239545,AirQualityLevel(output),17239545
1599420599000,13884511,17291933,17291933,AirQualityLevel(output),17291933
1599420598000,13911835,17344640,17344640,AirQualityLevel(output),17344640
1599420597000,13939266,17397670,17397670,AirQualityLevel(output),17397670
1599420596000,13966806,17451025,17451025,AirQualityLevel(output),17451025
1599420595000,13994455,17504708,17504708,AirQualityLevel(output),17504708
1599420594000,14022214,17558722,17558722,AirQualityLevel(output),17558722
1599420593000,14050083,17613071,17613071,AirQualityLevel(output),17613071
1599420592000,14078064,17667758,17667758,AirQualityLevel(output),17667758
1599420591000,14106156,17722785,17722785,AirQualityLevel(output),17722785
1599420590000,14134360,17778156,17778156,AirQualityLevel(output),17778156
1599420589000,14162677,17833875,17833875,AirQualityLevel(output),17833875
1599420588000,14191108,17889943,17889943,AirQualityLevel(output),17889943
1599420587000,14219654,17946366,17946366,AirQualityLevel(output),17946366
1599420586000,14248315,18003146,18003146,AirQualityLevel(output),18003146
1599420585000,14277091,18060286,18060286,AirQualityLevel(output),18060286
1599420584000,14305984,18117790,18117790,AirQualityLevel(output),18117790
1599420583000,14334994,18175661,18175661,AirQualityLevel(output),18175661
1599420582000,14364122,18233904,18233904,AirQualityLevel(output),18233904
1599420581000,14393369,18292521,18292521,AirQualityLevel(output),18292521
1599420580000,14422735,18351516,18351516,AirQualityLevel(output),18351516
1599420579000,14452221,18410893,18410893,AirQualityLevel(output),18410893
1599420578000,14481828,18470656,18470656,AirQualityLevel(output),18470656
1599420577000,14511556,18530808,18530808,AirQualityLevel(output),18530808
1599420576000,14541407,18591353,18591353,AirQualityLevel(output),18591353
1599420575000,14571381,18652295,18652295,AirQualityLevel(output),18652295
1599420574000,14601479,18713638,18713638,AirQualityLevel(output),18713638
1599420573000,14631702,18775386,18775386,AirQualityLevel(output),18775386
1599420572000,14662050,18837543,18837543,AirQualityLevel(output),18837543
1599420571000,13710578,16928312,16928312,AirQualityLevel(output),16928312
1599420570000,13739133,16984727,16984727,AirQualityLevel(output),16984727
1599420569000,13767808,17041518,17041518,AirQualityLevel(output),17041518
1599420568000,13796603,17098691,17098691,AirQualityLevel(output),17098691
1599420567000,13825518,17156249,17156249,AirQualityLevel(output),17156249
1599420566000,13854555,17214196,17214196,AirQualityLevel(output),17214196
1599420565000,13883714,17272536,17272536,AirQualityLevel(output),17272536
1599420564000,13912996,17331272,17331272,AirQualityLevel(output),17331272
1599420563000,13942402,17390410,17390410,AirQualityLevel(output),17390410
1599420562000,13971932,17449952,17449952,AirQualityLevel(output),17449952
1599420561000,14001588,17509904,17509904,AirQualityLevel(output),17509904
1599420560000,14031370,17570269,17570269,AirQualityLevel(output),17570269
1599420559000,14061279,17631052,17631052,AirQualityLevel(output),17631052
1599420558000,14091316,17692257,17692257,AirQualityLevel(output),17692257
1599420557000,14121482,17753889,17753889,AirQualityLevel(output),17753889
1599420556000,14151777,17815951,17815951,AirQualityLevel(output),17815951
1599420555000,14182202,17878449,17878449,AirQualityLevel(output),17878449
1599420554000,14212759,17941387,17941387,AirQualityLevel(output),17941387
1599420553000,14243447,18004770,18004770,AirQualityLevel(output),18004770
1599420552000,14274268,18068603,18068603,AirQualityLevel(output),18068603
1599420551000,14305223,18132890,18132890,AirQualityLevel(output),18132890
1599420550000,14336313,18197636,18197636,AirQualityLevel(output),18197636
1599420549000,14367538,18262846,18262846,AirQualityLevel(output),18262846
1599420548000,14398900,18328525,18328525,AirQualityLevel(output),18328525
1599420547000,14430398,18394679,18394679,AirQualityLevel(output),18394679
1599420546000,14462035,18461312,18461312,AirQualityLevel(output),18461312
1599420545000,14493811,18528429,18528429,AirQualityLevel(output),18528429
1599420544000,14525727,18596036,18596036,AirQualityLevel(output),18596036
1599420543000,14557784,18664139,18664139,AirQualityLevel(output),18664139
1599420542000,14589982,18732743,18732743,AirQualityLevel(output),18732743
1599420541000,14622324,18801852,18801852,AirQualityLevel(output),18801852
1599420540000,14654809,18871474,18871474,AirQualityLevel(output),18871474
1599420539000,14687439,18941613,18941613,AirQualityLevel(output),18941613
1599420538000,14720214,19012276,19012276,AirQualityLevel(output),19012276
1599420537000,14753136,19083468,19083468,AirQualityLevel(output),19083468
1599420536000,14786206,19155195,19155195,AirQualityLevel(output),19155195
1599420535000,14819425,19227464,19227464,AirQualityLevel(output),19227464
1599420534000,14852793,19300280,19300280,AirQualityLevel(output),19300280
1599420533000,14886312,19373650,19373650,AirQualityLevel(output),19373650
1599420532000,14919982,19447580,19447580,AirQualityLevel(output),19447580
1599420531000,14953805,19522077,19522077,AirQualityLevel(output),19522077
1599420530000,14987782,19597146,19597146,AirQualityLevel(output),19597146
1599420529000,15021913,19672795,19672795,AirQualityLevel(output),19672795
1599420528000,15056201,19749031,19749031,AirQualityLevel(output),19749031
1599420527000,15090645,19825860,19825860,AirQualityLevel(output),19825860
1599420526000,15125248,19903289,19903289,AirQualityLevel(output),19903289
1599420525000,15160009,19981325,19981325,AirQualityLevel(output),19981325
1599420524000,15194931,20059976,20059976,AirQualityLevel(output),20059976
1599420523000,15230014,20139249,20139249,AirQualityLevel(output),20139249
1599420522000,15265259,20219151,20219151,AirQualityLevel(output),20219151
1599420521000,15300668,20299689,20299689,AirQualityLevel(output),20299689
1599420520000,15336242,20380872,20380872,AirQualityLevel(output),20380872
1599420519000,15371981,20462707,20462707,AirQualityLevel(output),20462707
1599420518000,15407888,20545202,20545202,AirQualityLevel(output),20545202
1599420517000,15443963,20628364,20628364,AirQualityLevel(output),20628364
1599420516000,15480207,20712203,20712203,AirQualityLevel(output),20712203
1599420515000,15516621,20796727,20796727,AirQualityLevel(output),20796727
1599420514000,15553208,20881943,20881943,AirQualityLevel(output),20881943
1599420513000,15589967,20967860,20967860,AirQualityLevel(output),20967860
1599420512000,15626900,15502705,15502705,AirQualityLevel(output),15502705
1599420511000,14572470,15567283,15567283,AirQualityLevel(output),15567283
1599420510000,14607157,15632402,15632402,AirQualityLevel(output),15632402
1599420509000,14642010,15698067,15698067,AirQualityLevel(output),15698067
1599420508000,14677029,15764287,15764287,AirQualityLevel(output),15764287
1599420507000,14712216,15831068,15831068,AirQualityLevel(output),15831068
1599420506000,14747572,15898417,15898417,AirQualityLevel(output),15898417
1599420505000,14783099,15966342,15966342,AirQualityLevel(output),15966342
1599420504000,14818797,16034850,16034850,AirQualityLevel(output),16034850
1599420503000,14854668,16103948,16103948,AirQualityLevel(output),16103948
1599420502000,14890714,16173645,16173645,AirQualityLevel(output),16173645
1599420501000,14926934,16243948,16243948,AirQualityLevel(output),16243948
1599420500000,14963332,16314865,16314865,AirQualityLevel(output),16314865
1599420499000,14999907,16386404,16386404,AirQualityLevel(output),16386404
1599420498000,15036662,16458573,16458573,AirQualityLevel(output),16458573
1599420497000,15073597,16531381,16531381,AirQualityLevel(output),16531381
1599420496000,15110714,16604836,16604836,AirQualityLevel(output),16604836
1599420495000,15148015,16678946,16678946,AirQualityLevel(output),16678946
1599420494000,15185500,16753722,16753722,AirQualityLevel(output),16753722
1599420493000,15223171,16829171,16829171,AirQualityLevel(output),16829171
1599420492000,15261030,16905303,16905303,AirQualityLevel(output),16905303
1599420491000,15299077,16982127,16982127,AirQualityLevel(output),16982127
1599420490000,15337315,17059653,17059653,AirQualityLevel(output),17059653
1599420489000,15375744,17137890,17137890,AirQualityLevel(output),17137890
1599420488000,15414367,17216848,17216848,AirQualityLevel(output),17216848
1599420487000,15453184,17296537,17296537,AirQualityLevel(output),17296537
1599420486000,15492197,17376967,17376967,AirQualityLevel(output),17376967
1599420485000,15531408,17458150,17458150,AirQualityLevel(output),17458150
1599420484000,15570817,17540094,17540094,AirQualityLevel(output),17540094
1599420483000,15610427,17622811,17622811,AirQualityLevel(output),17622811
1599420482000,15650240,17706313,17706313,AirQualityLevel(output),17706313
1599420481000,15690256,17790610,17790610,AirQualityLevel(output),17790610
1599420480000,15730477,17875713,17875713,AirQualityLevel(output),17875713
1599420479000,15770905,17961635,17961635,AirQualityLevel(output),17961635
1599420478000,15811541,18048386,18048386,AirQualityLevel(output),18048386
1599420477000,15852388,18135981,18135981,AirQualityLevel(output),18135981
1599420476000,15893446,18224429,18224429,AirQualityLevel(output),18224429
1599420475000,15934717,18313745,18313745,AirQualityLevel(output),18313745
1599420474000,15976203,18403941,18403941,AirQualityLevel(output),18403941
1599420473000,16017906,18495030,18495030,AirQualityLevel(output),18495030
1599420472000,16059827,18587025,18587025,AirQualityLevel(output),18587025
1599420471000,16101969,18679940,18679940,AirQualityLevel(output),18679940
1599420470000,16144332,18773789,18773789,AirQualityLevel(output),18773789
1599420469000,16186918,18868586,18868586,AirQualityLevel(output),18868586
1599420468000,16229730,18964345,18964345,AirQualityLevel(output),18964345
1599420467000,16272769,19061082,19061082,AirQualityLevel(output),19061082
1599420466000,16316037,19158810,19158810,AirQualityLevel(output),19158810
1599420465000,16359536,19257546,19257546,AirQualityLevel(output),19257546
1599420464000,16403267,19357306,19357306,AirQualityLevel(output),19357306
1599420463000,16447233,19458104,19458104,AirQualityLevel(output),19458104
1599420462000,16491435,19559958,19559958,AirQualityLevel(output),19559958
1599420461000,16535876,19662884,19662884,AirQualityLevel(output),19662884
1599420460000,16580557,19766899,19766899,AirQualityLevel(output),19766899
1599420459000,16625480,19872021,19872021,AirQualityLevel(output),19872021
1599420458000,16670647,19978267,19978267,AirQualityLevel(output),19978267
1599420457000,16716060,20085656,20085656,AirQualityLevel(output),20085656
1599420456000,16761721,20194205,20194205,AirQualityLevel(output),20194205
1599420455000,16807633,20303935,20303935,AirQualityLevel(output),20303935
1599420454000,16853797,20414863,20414863,AirQualityLevel(output),20414863
1599420453000,16900215,13443403,13443403,AirQualityLevel(output),13443403
1599420452000,16946890,13518067,13518067,AirQualityLevel(output),13518067
1599420332000,18997116,13593564,13593564,AirQualityLevel(output),13593564
1599420272000,18105659,13669910,13669910,AirQualityLevel(output),13669910
1599420212000,14232557,13747119,13747119,AirQualityLevel(output),13747119
1599420211000,9834628,13825205,13825205,AirQualityLevel(output),13825205
1599420210000,9916550,13904183,13904183,AirQualityLevel(output),13904183
1599420209000,9999849,13984069,13984069,AirQualityLevel(output),13984069
1599420208000,10084559,14064879,14064879,AirQualityLevel(output),14064879
1599420207000,10170718,14146628,14146628,AirQualityLevel(output),14146628
1599420206000,10258362,14229333,14229333,AirQualityLevel(output),14229333
1599420205000,10347530,14313012,14313012,AirQualityLevel(output),14313012
1599420204000,10438263,14397680,14397680,AirQualityLevel(output),14397680
1599420203000,10530602,14483357,14483357,AirQualityLevel(output),14483357
1599420202000,10624589,14570060,14570060,AirQualityLevel(output),14570060
1599420201000,10720270,14657807,14657807,AirQualityLevel(output),14657807
1599420200000,10817691,14746618,14746618,AirQualityLevel(output),14746618
1599420199000,10916899,14836512,14836512,AirQualityLevel(output),14836512
1599420198000,11017944,14927509,14927509,AirQualityLevel(output),14927509
1599420197000,11120879,15019630,15019630,AirQualityLevel(output),15019630
1599420196000,11225755,15112894,15112894,AirQualityLevel(output),15112894
1599420195000,11332629,15207325,15207325,AirQualityLevel(output),15207325
1599420194000,11441558,15302943,15302943,AirQualityLevel(output),15302943
1599420193000,11552602,15399772,15399772,AirQualityLevel(output),15399772
1599420192000,11665824,15497834,15497834,AirQualityLevel(output),15497834
1599420191000,11781287,15597154,15597154,AirQualityLevel(output),15597154
1599420190000,11899060,15697755,15697755,AirQualityLevel(output),15697755
1599420189000,12019212,15799662,15799662,AirQualityLevel(output),15799662
1599420188000,12141816,15902902,15902902,AirQualityLevel(output),15902902
1599420187000,12266948,16007500,16007500,AirQualityLevel(output),16007500
1599420186000,12394688,16113483,16113483,AirQualityLevel(output),16113483
1599420185000,12525116,16220880,16220880,AirQualityLevel(output),16220880
1599420184000,12658319,16329718,16329718,AirQualityLevel(output),16329718
1599420183000,12794387,16440027,16440027,AirQualityLevel(output),16440027
1599420182000,12933413,16551837,16551837,AirQualityLevel(output),16551837
1599420181000,13075495,16665178,16665178,AirQualityLevel(output),16665178
1599420180000,13220733,16780083,16780083,AirQualityLevel(output),16780083
1599420179000,13369236,16896583,16896583,AirQualityLevel(output),16896583
1599420178000,13521114,17014713,17014713,AirQualityLevel(output),17014713
1599420177000,13676483,17134507,17134507,AirQualityLevel(output),17134507
1599420176000,13835465,17256000,17256000,AirQualityLevel(output),17256000
1599420175000,13998188,17379229,17379229,AirQualityLevel(output),17379229
1599420174000,14164786,17504230,17504230,AirQualityLevel(output),17504230
1599420173000,14335398,17631043,17631043,AirQualityLevel(output),17631043
1599420172000,14510171,17759708,17759708,AirQualityLevel(output),17759708
1599420171000,14689259,17890265,17890265,AirQualityLevel(output),17890265
1599420170000,14872825,18022756,18022756,AirQualityLevel(output),18022756
1599420169000,15061038,18157224,18157224,AirQualityLevel(output),18157224
1599420168000,15254077,18293714,18293714,AirQualityLevel(output),18293714
1599420167000,15452130,18432273,18432273,AirQualityLevel(output),18432273
1599420166000,15655395,18572947,18572947,AirQualityLevel(output),18572947
1599420165000,15864080,18715785,18715785,AirQualityLevel(output),18715785
1599420164000,16078405,18860837,18860837,AirQualityLevel(output),18860837
1599420163000,16298603,19008156,19008156,AirQualityLevel(output),19008156
1599420162000,16524917,19157795,19157795,AirQualityLevel(output),19157795
1599420161000,16757606,19309810,19309810,AirQualityLevel(output),19309810
1599420160000,16996943,19464256,19464256,AirQualityLevel(output),19464256
1599420159000,17243217,19621194,19621194,AirQualityLevel(output),19621194
1599420158000,17496735,19780683,19780683,AirQualityLevel(output),19780683
1599420157000,17757821,4000,4000,AirQualityLevel(output),4000
1599420156000,18026818,4000,4000,AirQualityLevel(output),4000
1599420155000,18304092,4000,4000,AirQualityLevel(output),4000
1599420154000,18590031,4000,4000,AirQualityLevel(output),4000
1599420153000,18885048,4000,4000,AirQualityLevel(output),4000
1599420152000,8852194,4000,4000,AirQualityLevel(output),4000
